"ABC B0725 8,0.0
"ABCC0725T+2,2.8428506695336154E-5
"ABSC0228 9,-5.350027098795152E-4
"ATL S1024 7,\N
"BTA 6,-7.935875168062187E-4
"BTA 7,-0.001013778862167022
"BTEA0125 T+2,0.0
"BTEB0127T+3,2.8428506695336154E-5
"CIL 0124 T+2,\N
"CIL 0625 10,\N
"ENAT2 2021 8,\N
"ENAT3 2021 8,4.579429546170115E-5
"ENAT32021 8,-3.8089705397666087E-6
"ENAT32021 T+2,0.0
"ENT32021T+2,0.002911594326481714
"HL A0224 11,0.0
"HL B0126 10,4.506161952671781E-5
"HLA0126 10,4.506161952671781E-5
"HLA1125 10,-0.0061686670303649615
"HLB0228 10,9.413020630262052E-5
"MLSB0425 8,0.0
"STB SA1124 10,\N
"STBSD1126 11,2.8428506695336154E-5
"TJL B0624T+2,\N
"TLSB0324 7,\N
AB DA 1/7 12102023,7.874871970503072E-5
AB DA 26 3/37,3.609438999902116E-5
AB DA 29 3/40,4.2115044892272E-5
AB Da 1/27,-5.614726754428996E-6
AB Da 29 3/40,-3.1171928874172913E-6
AB Da 34 2/59,7.581004646049168E-5
AB SA0226 9% AP5PP,0.0
AB SA0422 7.4%AP5,0.0
AB SA0428T+2.7P7-2,0.0
AB SA1121 7.4% AP5,-6.880790561142065E-4
AB SC0424 7.7%INF7,0.0
AB0523 6.5%AP15,0.0
ABC A0723 8.2%AP5,0.0
ABC B0725T+2.4P7-2,0.0
ABS A02207.35%AP5,\N
ABSA0220T+1.9%AP5,\N
ABSB02227.45%AP7-2,0.0
ABSB0424 7.55AP7-2,0.0
ABSB0924 T+0.85P15,-0.0011055419116869345
ABSUB0922T+1.3%P10,-0.0027651648087187223
ABSb0921 6.1%P10,0.0
ABsb0924 5.45%P15,0.0
ABsub0922T+1.3%P10,0.0
ADW DA 1/15 310717,-0.04255198182737501
ADW DA 1/22 310718,-0.009870020304512922
ADWA DA1/12 311215,-0.0190693246257618
ADWYA DA1/5 040814,0.004575549096865111
AIL 0820 7.65% AP5,\N
AIR LIQ DA1/8 0903,-5.549781366207597E-5
AIR LIQ Da1/4 0999,9.28380760721125E-5
AIR LIQUDE TSIE,-0.006367645257839684
AL DA 1/11 030908,-8.655750459304637E-5
AL DA 1/12 030909,-5.584970743213314E-5
AL Da 1/11 030908,-1.3897487985434604E-5
AL Da 1/12 030909,1.2188278694569966E-6
ALKIM Da 04,-8.311538991487339E-4
ALKIMIA,-0.00489816735339399
ALQ DA 1/11 020913,-0.00844703301336007
ALQ DA 1/11 050911,-0.04640517528330307
ALQ DA 1/11 060910,-5.584970743213314E-5
ALQ DA 1/28 050916,0.012603932053989853
ALQ DA 1/31 250917,0.025240440418442783
ALQ DA1/10 7/09/04,-5.594216855598304E-5
ALQ DA1/6 (160902),-5.577026350234216E-5
ALQ Da 1/11 020913,0.11495942384335811
ALQ Da 1/11 050911,-0.008912815010910046
ALQ Da 1/11 060910,-1.0525941623318186E-5
ALQ Da1/10 7/09/04,-1.5030305591221092E-6
ALQ Da1/12 070906,-1.6448620153717565E-6
ALQDA1/12 06/09/05,-0.0011504804139124828
AMEN BANK,-5.228628672644849E-4
AMI DA 1/4 110817,-0.008057048858164596
AMI NG J 01012020,3.468015856049391E-4
AMS DA 1/50,-0.0049949893754834395
AMS DA 1/9 090804,-0.005341695332749215
AMS Da 1/10 010798,3.10579183456527E-5
AMS Da 1/40 010799,1.8052905345645457E-5
AMS Da 1/5 030413,-0.0010373229798884217
AMS Da 1/51 150702,9.72166275124252E-6
AMS Da 1/9 090804,-7.001776586464097E-5
ARTES,-7.031936327504011E-4
ARTES DA1/5 040313,-0.01548979338447138
ARTES Da1/5 040313,0.014320220884537159
ASS DA 1/10 020610,-0.003919257784567818
ASS DA 1/23 010812,-9.566555665494567E-4
ASS Da 1/22 200611,3.3438743969436236E-4
ASS MULTI ITTIHAD,-0.002594964476426981
ASSAD,-1.276687245980121E-4
ASSDA1/9(01/07/05),2.6361752372499087E-5
ASSDa1/9(01/07/05),-1.0460597800377827E-5
ASSUR MAGHREBIA,2.326640636818698E-5
AST DA 1/2 140817,0.13249370259229876
ATB DA 1/10 151208,1.8434558890037074E-5
ATB DA 1/16 161210,-0.009671485893572734
ATB Da 1/10 151208,4.966016261306647E-4
ATBSA325T+2.05P7-2,-0.002547575994341433
ATL 0720 7.65% AP5,\N
ATL 0720 T+2.3%AP5,\N
ATL 1120 7.2% P7-2,\N
ATL A0322 7.55%AP5,-0.002432516661652652
ATL A0621 7.5% AP5,-0.0017289065016405283
ATL A0723 8.3% AP5,-5.422139472465183E-6
ATL B0723T+2.2%AP5,-0.004527363858752967
ATL DA 2/17 261112,-0.014026921879287382
ATL Da 2/17 261112,0.005619100640238787
ATL NS J 01072019,-0.002691546135849899
ATL0420 6.8P7-2,0.0
ATL1120 T+1.9%P7-2,\N
ATLB0322T+2.35%AP5,0.0
ATLB0323T+2.35%AP5,0.0
ATLC0521 7.35%P7-2,0.0
ATTIJARI BANK,-2.8491572389175715E-5
ATTIJARI LEASING,-0.006777480152302814
ATTIJARI LS ROMPU,1.114339698886635E-5
BEST LEASE,-0.004673167579866874
BH BANK,-1.5636655812123242E-6
BH DA 1/20 150999,-0.0018862359458895514
BH DA 1/3 270715,-0.008385099787361818
BH DA1/25 14022000,-0.0018773365217298857
BH Da 1/20 150999,1.1926204464812637E-5
BH SC0326T+2.6P7-2,0.0
BH SC1028 9.1%P7-2,0.0
BH1224 5.3%P15-2,6.990934537602774E-6
BH1224 T+0.8%P15-2,0.0
BHDA 1/15 28052007,-4.001430445490081E-4
BHS A0423 T+2% AP5,-7.291161342491726E-4
BHS A0521 7.4%AP5,0.0
BHS C0425 8% INF 7,-5.858461794410025E-4
BHSA0520T+1.95%AP5,\N
BHSA0521T+1.95%AP5,0.0
BHSB0324 10.2%INF5,0.0
BHSB0324T+2.3%INF5,0.0
BHSB0425T+2.1%P7-2,0.0
BIAT,-1.3368560668948005E-5
BIAT DA1/20 290620,-0.08393175452218299
BIAT DA32 4/60,-0.0029032642521331633
BIAT DA36 1/24,-0.07677918911616
BIAT Da32 4/60,0.002324448612998038
BIAT Da36 1/24,-0.0016692705978342674
BNA,-5.711378974785277E-4
BNA DA 1/10 040509,0.013983171759998338
BNA DA 1/10 200618,0.014976432153444935
BNA DA 1/55 150419,-0.003098167254346627
BNASB0825 8.5%P7-2,0.0
BNASB825T+2.25P7-2,0.0
BQ DE TSIE - DA,-0.004257668049411603
BQ DE TSIE - Da,-9.382768053726087E-5
BQ HABITAT (DA),-0.0018865242111594821
BQ HABITAT (Da),7.043579515810972E-6
BT,-4.872947271441414E-6
BT DA 1/3 280613,-0.016192797935564492
BT DA 1/5 03062016,-0.011253103866245315
BT DA 1/5 10052022,-0.0024181103959122225
BTA 6% AVRIL 2023,-0.0025944608712769966
BTA 6% AVRIL 2024,0.0
BTA 6% JUIN  2023,-0.001329109361055106
BTA 6% Janv  2024,0.0
BTA 6% OCT  2023,-2.1364038783906337E-6
BTA 6% avril 2024,0.0
BTA 6.3% MARS 2026,-0.0021491711741270375
BTA 7% JUIL  2028,-0.0031602468713499278
BTA 7% Nov 2023,0.0
BTA 8% MARS 2033,0.0
BTA6.7% Avril 2028,0.0
BTDa1/7(3/12/01),6.807786672658524E-5
BTE (ADP),-0.005703749314893534
BTE0920 5.2%AP10,\N
BTE0930 5.85%AP20,0.0
BTEA0122 T+2.5%AP5,0.0
BTEB0124 7.55%P7-2,0.0
BTK0220 T+0.7%P10,\N
BTK0230 5.85%P20,0.0
BTKSB12217.45%P7-2,0.0
Bt Da 3/10 170599,-4.20115529976506E-5
CC DS 13/10 170120,5.369477650457853E-4
CIL 0124 T+2.5% P5,-8.14921111716327E-4
CIL 0222 7.50% AP5,-6.689333170811511E-6
CIL 0620 T+2% AP5,\N
CIL 0625 10.5% AP5,0.0
CIL 1020 7.65% AP5,0.0
CIL 1020 T+2% AP5,\N
CIL 1220 7.25%P7-2,0.0
CIL DA 1/3 110610,-0.0017340480433197356
CIL DA 1/4 030611,-0.002524488748222273
CIL DA2/5 15052023,-2.503206179407647E-6
CIL Da 1/4 030611,1.113629422173063E-5
CIMENTS DE BIZERTE,-0.005506690379799819
CITY DA1/3 230919,-0.09305449574905128
DA TPR 11/149 2006,-0.013903604119229989
E NAT 6.15% 2014 B,-0.012415609135943365
E NAT HASSN 2014 B,0.0
ELBENE INDUSTRIE,\N
ELECTROSTAR,-0.0030301888647491075
ELECTROSTAR DA 1/6,-0.005847535355539735
ENAT2 HASSAN21 APP,0.0
ENAT3 HASSAN2021 B,0.0
ENAT3 HASSAN2021 C,0.0
ENAT3 HASSAN21 APP,0.0
ENNAKL AUTOMOBILES,-0.001954675844131409
EURO-CYCLES,-2.02686755108641E-4
GIF DA 1/10 2008,1.7502630903789267E-5
GIF DA 1/4 200711,-0.003670997718631042
GIF DA4/237 270415,-0.0038954762303331156
GIF DA5/429 310715,-0.004678360789200696
GIF Da 1/11 160209,3.6162888260194803E-4
GIF-FILTER,-0.0015648302558058324
HANNIBAL LEASE,-0.006809426900903985
HL 0621 7.65% AP5,-0.0018724085024286322
HL 1121 7.65% AP5,0.0
HL 1121 T+2.35%AP5,0.0
HL A0123 T+2.4%AP5,0.0
HL A0222 7.65% AP5,0.0
HL A0224 11.15%AP5,0.0
HL A0224 T+3.5%AP5,-7.299020637164271E-4
HL A0420 7.7% AP5,0.0
HL A0722 7.65% AP5,-0.0013040671317623763
HL B0125 8.25%P7-2,-4.792548636497229E-4
HL B0224 7.85%P7-2,0.0
HL B0422 7.85%P7-2,-6.694727518040179E-4
HL B0724 7.85%P7-2,-5.858461794410025E-4
HL B1021 7.8% P7-2,-7.983234179982745E-4
HL DA 1/10 180817,-0.007356579316910147
HL DA37/100 090720,-0.002004069547295862
HL S A0523T+2.1%P5,0.0
HL SB0525 8.5%P7-2,-0.0010182523080209031
HLA0222T+2.35%AP5,0.0
HLA0321T+2.35%AP5,0.0
HLS 1120 7.72% AP5,0.0
HLS1122 7.92%P7-2,0.0
JBS1022 7.5% P7-2,-7.580591340319841E-4
JBS1022T+2.1% P7-2,0.0
JL A0322 7.65% AP5,-0.006712796099811283
JL A0420 7.6% AP5,0.0
JL A1220 7.7% AP5,0.0
JL A1222 7.75% AP5,-0.004431431067603145
JL B0422 7.8% P7-2,0.0
JL C0324 7.85%P7-2,0.0
JL C1224 7.9% P7-2,0.0
JLC 1120 7.1% P7-2,\N
JLC0621 7.35% P7-2,0.0
LAND OR,-0.0013560285268384659
MAG GEN Da 1/2,1.2281552761052144E-5
MAGHREB INTERN PUB,-0.0017288256937950579
MGR DA 1/10 201217,9.128409522590559E-4
MGR DA1/3 050710,-0.00735051042097284
MGR Da1/3 050710,-0.00830486147854222
ML DA 1/4 250515,-0.007717202518271541
ML S A 0423 8% AP5,0.0
ML0220 6.50% AP7-2,\N
MLSB0425 8.25%P7-2,0.0
MNP DA 1/2 100611,-0.006391113092652839
MNP DA 1/5 160615,0.00906477215829682
MNP Da 1/2 100611,0.008458644031979237
MNP NS J 01012023,0.0
MODERN LEASING,5.562061069955402E-4
MONOPRIX,-4.658194411620153E-4
MONOPRIX Da,-2.973944159445901E-6
MPBS DA1/10 100719,-0.02485982418150755
MPBS DA1/17 100820,-0.01859025679300312
NBL Da1/45 161213,0.0029804667169034287
OTH DA1/2 181121,0.013288650766738578
PGH DA 2/25 230611,-0.019959526033548787
PGH Da 2/25 230611,2.595824797433126E-4
PLA DA3/100 231020,-0.0025236938164549727
PLA NG J 01012021,2.9047301961150266E-5
PLA NG j 01012021,-7.968498611304999E-5
PLAC. TSIE-SICAF,-0.0017236936751686494
PLAST DA1/5 190722,0.002574506451147208
PLAST NS J01012020,\N
SAH,-5.0865701626691616E-5
SAH DA 1/14 250117,-0.0061101464810495686
SAH DA 1/17 070717,-0.013918073575533785
SAH DA 1/18 031218,-0.05721360530107634
SAH DA 1/35 010823,-9.500850322153978E-5
SAH DA 1/5 230615,-0.04001937199888666
SAH DA 1/7 050814,0.0057262774521577246
SAM DA 1/10 280717,2.7462765681418245E-5
SANIMED,-0.005211363687580444
SER R 1224 11.6%P5,0.0
SER R 1224T+4.6%P5,0.0
SERVICOM,-0.0017998861540608005
SFBT (DA 1/2) 2001,-0.0014272619397774217
SFBT (DA 1/7),-2.557693234399728E-5
SFBT (Da 1/2) 2001,6.080120528177131E-6
SFBT DA 1/4 200720,-0.1230238658248967
SFBT DA 1/4 300418,-0.059513001064847255
SFBT DA 1/5 130519,-0.11450201675029524
SFBT DA 1/6 120515,-0.016919875049529208
SFBT DA 1/8 200514,-3.899618706187024E-5
SFBT DA10/66 03712,-0.012236980784520261
SFBT DA2007 1/13,-4.0676568606456005E-4
SFBT DA5/61 300311,0.5236092300034477
SFBT Da 1/12 2006,-5.593204135454719E-5
SFBT Da1/19 280513,0.032703520842938975
SFBT Da5/56 120510,0.09925689329248105
SFBT Da5/61 300311,0.0727739272923728
SIAM DA1/25 280704,-0.0016072628528241053
SIAM Da1/25 280704,-1.7559743541481246E-5
SIAME DA1/10,-0.002551007927558474
SIAME Da1/8,-8.023632111986986E-4
SIAME Da5/11,-6.875198606432451E-6
SIMPA DA1/7 010710,0.056449255408937554
SIMPA DA2/9 010714,0.037426523816496644
SIMPA Da1/6 010708,-4.379741682043352E-6
SIMPA Da1/8 020712,-1.218247686787617E-5
SIMPAR DA 1/5,-3.295569303035288E-6
SMART TUNISIE,-2.2778120152037995E-5
SOKNA Da1/5 020712,0.0011176238668870095
SOMC DA1/45 211212,-0.013753109693133474
SOMC DA2/35 231213,-0.005100337578897787
SOMC Da1/45 211212,6.644491253926479E-4
SOMC Da2/35 231213,0.00122539914313738
SOMOC DA 1/10 0708,4.9432182188101936E-5
SOMOC DA 1/20 2007,-0.001474872605284822
SOMOC Da 1/7 0803,1.0672012464943197E-5
SOPAT,-4.271778965652556E-4
SOPAT NS j01012019,-3.0126583793713583E-5
SOPATDa1/10 140213,5.085545046162849E-4
SOPATDa1/20 010708,8.164358473232455E-6
SOT DA 1/10 150704,2.747898449417849E-5
SOT DA 1/5  010102,2.1723705290547172E-5
SOT DA 1/5 010703,-9.751507829816749E-4
SOT DA1/22  010906,-0.0015975764731825544
SOT Da 1/10 150704,-7.988570448536241E-4
SOT Da 1/5  010102,-1.0203944755883033E-5
SOT Da 1/5 010703,-9.804631856460238E-6
SOT Da1/22  010906,3.83638475945377E-4
SOTEMAIL,-0.005112047720710277
SOTETEL DA1/6,2.1723705290547172E-5
SOTRAPIL,-0.0013002208332003084
SOTUV DA7/32 91020,-0.05861612286628644
SOTUV Da1/7 180713,0.02584708573541452
SOTUVER DA 3/34,-4.336402079508175E-5
SPDIT DA 1/24 3512,-0.001559103697524329
STB SA0425 10.5%P5,0.0
STB SA1124T+2.3%P5,0.0
STB0528T+1.75%AP20,0.0
STB0533 T+2.0%AP25,0.0
STBSC1126T+2.8P7-2,0.0
STE TUN. DU SUCRE,-0.001831847574706191
STEQ,-9.063437517465098E-4
STEQ DA2/5(8/4/02),0.0
STIP,-0.004738477940556394
STPIL DA1/10 0703,-0.0038311895172187154
STPIL DA1/25301208,-0.012947352191905319
STPIL DA1/33 01713,-0.006569186954436274
STPIL Da1/25301208,-0.008792002644404107
STPIL Da1/33 01713,-0.0017367960881993828
STPILDA1/39 290618,0.007425808417973507
STPILDA1/56 300617,-0.001963105810692563
STPL DA1/32 180615,0.0022187599986020724
STV DA 1/25 010700,-5.338902456624673E-5
STV DA 3/40 200715,-0.0059713746819448806
STV DA10/31 160712,-0.006350562261953744
STV DA2/11 280722,-0.022278977231533645
STV Da 1/25 010700,0.008673830834458223
STV Da10/31 160712,0.010165318154770054
STV NG J 01012023,2.880019109035041E-5
STV02 3/10 010102,4.1551968083022444E-4
TAIR DA1/10 030700,-0.018163418311248958
TAIR Da 1/5 010908,0.0012749769733495942
TAIR Da1/10 010799,0.0018369902585715842
TAIR Da1/11 170709,6.43087577158528E-4
TAIR Da1/22 310806,6.046264953821312E-4
TAWASOL GP HOLDING,-0.002337372491000092
TJARI -  DA39,-0.0015605242395631137
TJARI -  Da39,5.423083734154404E-6
TJARI SA0522 7.4P5,-8.847151265325427E-4
TJARISA0522T+1.9P5,0.0
TJL A 0624 11% AP5,1.1955801517577584E-6
TJL B0624T+2.75%P5,0.0
TJLSB0623T+2.3%AP5,-7.342498207998124E-4
TL A 0421 7.5% AP5,-0.005947272191619492
TL A 0523 7.95%AP5,0.0
TL A 0624 11.4%AP5,-0.003003251865134137
TL A0321 7.5% AP5,-0.013987738488380422
TL A0520 7.65% AP5,\N
TL B0525 8.2% P7-2,0.0
TL B0626 11.7%P7-2,2.7342333419608637E-6
TL DA2/43 02022015,-0.0012819103518636541
TL DA3/83 10022014,-0.004193969755942077
TLB 10207.25% P7-2,0.0
TLB0323 7.75% P7-2,0.0
TLB0421 7.35% P7-2,-0.0026357810584316413
TLF SA1026 9.8%AP5,0.0
TLFSA 0124T+2.7%P5,0.0
TLFSB 0126 11%P7-2,0.0
TLN DA 1/10 010719,0.0020026785084404615
TLS 0525 11.6% AP5,0.0
TLS A0622 T+2.35P5,0.0
TLS B0221 7.6%P7-2,0.0
TLS B0622 7.9%P7-2,0.0
TLS DA 1/5(021202),4.5366277231509477E-5
TLS DA 1/56 030308,-0.0038031141437808585
TLS DA 1/69 010210,-0.0065253871845108065
TLS DA 1/7(061204),9.257597974793292E-5
TLS DA 3/80 010213,-0.017910880455220247
TLS Da 1/57 020309,0.004122346454369807
TLS Da 1/6(181203),9.780012352476254E-5
TLS Da 1/7(061204),2.68602585296989E-5
TLSB0225 8.20%P7-2,0.0
TLSB0324 7.85%P7-2,0.0
TPR  DA 1/9 260716,-0.021204228564046614
TPR DA 1/44 250613,-0.016226289213592097
TPR Da 1/44 250613,-0.002964648982880145
TUNINVEST-SICAR,-0.003705374636898407
TUNIS RE,-0.003917791662675549
TUNISAIR - Da 01,0.0037921128929641235
TUNISAIR Da 1/10,-3.318906056008683E-4
TUNISIE LEASING F,-0.0035947025609215466
TUNISIE VALEURS,-9.385497372823892E-4
UBCI,-0.005803756642707275
UBCI DA 1/2 150710,-0.011723263121315155
UBCI DA8/33 141013,-0.013421895639331898
UBCI Da 1/6 010900,-3.511822447545843E-6
UBCI Da 3/7 010704,-3.8434408166732823E-4
UBCI Da8/33 141013,0.019866060537203696
UBS A0620 7.4% AP5,\N
UBSA0620T+1.95%AP5,\N
UIB,-3.13875057838766E-4
UIB0724 5.5%AP15,0.0
UIB0729 5.85%AP20,-0.0013099181765245278
UIB0831 6.3%P20,-0.006121368823669171
UMD DA11/117 40817,-0.0015909757487969276
UNIFAB1123T+2.5%P5,0.0
UNIMED,-9.270793391396593E-5
WIB ID 0626 11%P7,-0.0030540048282418387
WIFACK INT BANK,-0.007789778959915838
WIFAK DA1/2 121015,-0.001449998876826651
"AB SB0226 9,-9.514523395973074E-4
"ABC B0725T+2,0.0
"ABCB0627 11,-0.010216092512282905
"ATL A1224 11,0.0016616993193434469
"ATL C0725 8,0.0
"BTA 5,-0.017290771984067872
"BTEB0127 11,-0.003057679321922209
"E NAT 2021 8,3.996044545793186E-4
"ENAT2021 8,-7.612222350036562E-4
"ENAT22021 8,0.0
"HL B1125 10,-9.355053504342332E-4
"HL S A0523 8,\N
"SER R 1224 11,\N
"SER R 1224T+4,\N
"STB SA0425 10,0.0
"STBSE0425 11,2.8428506695336154E-5
"STBSE1124 11,2.8428506695336154E-5
"TLS 0525 11,-0.006956979913084297
"TLS S0126 10,4.506161952671781E-5
AB DA 1/10 110613,-0.011306466221111996
AB DA 1/27,4.0931256628472486E-5
AB DA 3/37 281209,0.006607762745899782
AB DA 34 2/59,-0.0017889003072986923
AB DA1/24 01082016,-0.03117963274369971
AB DA1/25 300617,0.012255470821503509
AB Da 1/10 110613,0.0019980781814661432
AB Da 26 3/37,-2.956524932133394E-6
AB Da 3/37 281209,-0.014942222428579125
AB SB0431T+2.8AP10,0.0
AB0528 7.0%AP20,-6.997688064400857E-4
AB0825 T+0.85%AP15,-0.0015607724016487615
ABC A0625 11%AP5,-1.850907785856277E-6
ABC A0723 T+2.2%AP,-7.299490375482913E-4
ABC B0725 8.4%P7-2,0.0
ABDA 1/14 11122007,5.091253288152898E-6
ABSB0921 6.1%P10,-0.007152466778108788
ABSB0921 T+1%P10,0.0
ABSB0924 5.45%P15,0.0
ABSB1123 7.5%AP7-2,0.0
ABSUB0922 6.25%P10,0.0
ABSb0921 T+1%P10,0.0
ABsb0924 T+0.85P15,0.0
ABsub0922 6.25%P10,0.0
ADWYA,-2.393681622465059E-4
ADWYA DA 1/10 2007,-0.007821699918039418
ADWYA DA 1/5 90812,0.008442349724411222
ADWYA DA1/8 071116,-0.02674693014588854
ADWYA Da 1/5 90812,-0.048778092666808166
AETECH,-0.0036246047491452246
AIL0820T+2.25% AP5,\N
AIL0822 7.85% P7-2,0.0
AIR LIQ DA1/4 0999,-5.598936569654599E-5
AIR LIQ DA1/6 0601,-5.580815070352548E-5
AIR LIQ Da1/6 0601,1.1871486056781916E-6
AIR LIQ Da1/8 0903,1.2025443436627905E-6
AIR LIQUIDE TSIE,-3.941884768328585E-6
ALK DA 1/10 240603,-0.0013805657296711697
ALK Da 1/10 240603,0.009717014333049048
ALKIM DA,1.5682868334217884E-5
ALKIM DA 04,1.576600424861559E-5
ALKIM Da,-4.5856469550846685E-6
ALQ DA 1/12  0907,-5.6293080978847744E-5
ALQ DA 1/12 150914,0.08540212841330962
ALQ DA 1/15 030912,-0.003331356084072559
ALQ DA 1/16 160919,0.08789084972908484
ALQ DA 1/25 070915,0.02540941078972307
ALQ DA 1/30 161018,0.004289135957052814
ALQ DA 1/45 201120,0.02082214663366785
ALQ DA1/12 070906,-0.0011506581508135205
ALQ Da 1/12  0907,-1.5156104975433695E-6
ALQ Da 1/15 030912,-0.006522485193269276
ALQ Da1/6 (160902),1.954903089611989E-5
ALQDa1/12 06/09/05,-5.94161470709157E-7
AMI DA27/35 241120,0.004684735025444994
AMI DS77/68 220921,0.0
AMS,-0.0030597108129143116
AMS DA 1/10 010798,0.004026309238147281
AMS DA 1/26 0803,-0.002479879102959906
AMS DA 1/40 010799,-0.005648510853813628
AMS DA 1/5 030413,-0.006884717515540123
AMS DA 1/51 150702,-0.005379226102997469
AMS Da 1/26 0803,4.861493731720494E-5
AMS Da 1/50,-1.1111880007482944E-4
ARTES DA1/4 230712,-0.00796532061134719
ARTES Da1/4 230712,0.03100507606415213
ASS DA 1/22 200611,-0.004149705919995577
ASS Da 1/10 020610,-1.6160384333885244E-5
ASS Da 1/23 010812,3.0571135879705835E-6
ASSAD DA1/4 150609,0.010214832341654151
ASSAD Da1/4 150609,-1.2382580470311601E-5
ASSU MAGHREBIA VIE,1.0015363845106987E-5
ASTREE,-0.0065930484988448775
ATB,-0.001969384578045674
ATB Da 1/16 161210,0.0012285869537339168
ATB0523T+1.25%AP16,0.0
ATB0524 5.7%P15-5,0.0
ATB0527T+1.75%AP20,0.0
ATB0529 5.9%P20-5,0.0
ATB0532T+2.0%AP25,-0.003423717783701575
ATBDA1/7 09/11/05,2.6287011665353187E-5
ATBSB0328T+2.1AP10,-6.901820515597258E-4
ATELIER MEUBLE INT,-5.393342365174527E-4
ATL,-0.002002412109661334
ATL 0722 7.85%P7-2,0.0
ATL A0220 7.6% AP5,\N
ATL A0221 7.5% AP5,-0.003931273711322417
ATL A0323 7.65%AP5,0.0
ATL A1025 10.30%P5,0.0
ATL A1224 11.6%AP5,-4.821492118193396E-7
ATL C02227.8% P7-2,0.0
ATL C0725 8.5%P7-2,0.0
ATL DA 1/5 290808,1.8297993856110526E-5
ATL Da 1/5 290808,-0.006297710884529697
ATL S1024 7.9%P7-2,-5.858461794410025E-4
ATL0420 T+1.9P7-2,\N
ATLB0221T+2.35%AP5,0.0
ATLC0223 7.75%P7-2,-0.0018948290738850758
ATLC0324 7.8%AP7-2,0.0
ATLC0325 7.95%P7-2,-5.858461794410025E-4
ATLC0623 7.75%P7-2,0.0
Autres Lignes,\N
BH,-9.008481392728672E-4
BH 0620 6.8% AP7,\N
BH 0620 T+1.8% AP7,\N
BH ASSURANCE,-0.006920035756430257
BH DA 1/5 171117,-0.0037780857328743433
BH Da1/25 14022000,1.1390106636088329E-5
BH LEASING,-0.006604031091738595
BH SA0324 10% AP5,-6.534264796885722E-6
BH SA0324 T+2.1AP5,-7.299490375482913E-4
BH SC0326 10.3P7-2,0.0
BHS A0423 7.7% AP5,0.0
BHS A0520 7.4%,\N
BHSA1026T+2.55P5-1,-1.16211443907363E-6
BHSB0425 7.85%P7-2,0.0
BHSB0522 7.5%AP7-2,0.0
BHSB0523 7.5%AP7-2,0.0
BHSB1026T+2.7%INF5,0.0
BHSD1028T+2.9%P7-2,0.0
BNA Da 1/10 040509,-0.0053575477898124
BNA SA0522 7.4%AP5,-0.0019321426174359233
BNA0424 5.4%AP15,6.224671745826683E-6
BNASA0823 8.25%AP5,0.0
BNASA0823 T+2% AP5,-7.266113613413487E-4
BNASB0524 7.55P7-2,0.0
BT DA 1/2 10/06/09,-0.005193735950388077
BT DA 1/2 23052006,-0.0015183475686112201
BT DA 1/4 04052018,-0.03213144353594428
BT DA 3/10 170599,-0.005538797012536324
BT Da 1/2 10/06/09,-1.0465699508018631E-5
BT Da 1/2 23052006,0.08507573681270428
BT Da 1/3 280613,-0.009222206201127871
BTA 6% Avril 2023,-3.966558974916881E-6
BTA 6% FEV  2022,-0.0011724680801962093
BTA 6% Fev  2022,1.0051037860114474E-5
BTA 6% JANV  2024,-0.0013939963209795231
BTA 6% JUIN  2021,-0.0045300861296031425
BTA 6% Juin  2023,0.0
BTA 6% Oct  2023,0.0
BTA 6.3% Mars 2026,0.0
BTA 6.3% OCT 2026,0.0
BTA 6.3% Oct 2026,0.0
BTA 6.9 % 09052022,-7.299490375482913E-4
BTA 7% Juil  2028,0.0
BTA 8% Mars 2033,0.0
BTA 8% NOV 2030,-5.867604717927882E-4
BTA 8% Nov 2025,0.0
BTA 8% Nov 2030,0.0
BTA6.7% AVRIL 2028,-5.867604717927882E-4
BTDA1/7(3/12/01),-0.005276800290135322
BTE A0122 7.4% AP5,-0.010372104311031433
BTE A0125 11% AP5,-0.0015898051365022784
BTE0232 6.25%P20,0.0
BTE0920 T+0.7%AP10,\N
BTEA0125 T+2.75%P5,0.0
BTK0225 T+0.8%P15,0.0
CARTHAGE CEMENT,-4.940843004731298E-4
CC DA 1/52 201210,-0.019727095806386003
CC Da 1/52 201210,-3.4304798447988647E-4
CELLCOM,-4.1764801301131995E-4
CEREALIS,-0.0021611093236247204
CIL,-0.005714283604735676
CIL 0120 7.6% AP5,\N
CIL 0124 10.6% AP5,-0.011537199175003494
CIL 0323 7.95% AP5,-4.866673699580696E-6
CIL 0521 7.5% AP5,7.363296944556643E-6
CIL 0620 7.65% AP5,0.0
CIL 0622 7.60% AP5,-0.0029914009274709394
CIL DA 1/5 301208,-9.817357906292538E-4
CIL DA 2007 1/4,4.774047921644185E-6
CIL Da 1/3 110610,-0.001857533522729791
CIL Da 1/5 301208,0.0010658589032479784
CITY CARS,-5.866623131514586E-4
DELICE HOLDING,-2.175189759922558E-5
Da TPR 11/149 2006,5.633994570618437E-4
E NAT 6.35% 2014 C,-6.06028932577382E-4
E NAT HASSN 2014 C,0.0
ECYC DA1/10 010719,-0.04467967764653521
ECYC DA1/10 040822,0.017816358028368205
ECYCL DA1/2 010616,0.0016088737888215697
ELECTROSTAR Da 1/6,0.002245455778696436
ESSOUKNA,-0.0038647071152591
GIF DA 1/11 160209,-0.0014381619034797978
GIF DA 1/5 101212,-0.0024842484149233163
GIF DA27/1000 8713,-0.01023432200740464
GIF Da 1/4 200711,2.3495343806569628E-4
GIF Da 1/5 101212,0.0016383030474492674
GIF Da27/1000 8713,1.352538842570753E-5
HEXABYTE,-6.703633529612562E-4
HL 1123 7.85% P7-2,1.6759168923265678E-7
HL A 0226 10% AP5,7.545685986515334E-7
HL A0123 8% AP5,-0.003593363229995403
HL A0321 7.65% AP5,-0.005263951484234177
HL B02217.35% P7-2,0.0
HL B0226 11.5%P7-2,-5.510775309114541E-4
HL B0323 7.85%P7-2,4.405119605917402E-7
HL S A0523 8.3%AP5,0.0
ICF,-5.209747568288158E-4
JBS 1020 7.4% AP5,\N
JL A0721 7.5% AP5,-1.142686342773981E-6
JL B0723 7.75%P7-2,-5.733581867368056E-4
JL C0420T+2.3% AP5,\N
JLB1222T+2.35% AP5,0.0
LNDOR DA1/32 80617,-3.6154547847614435E-4
MAG DS 5/11 150523,0.007588580780604809
MAG GEN DA 1/2,2.2046181513489466E-6
MAG NS J 01012023,0.0
MAGASIN GENERAL,-0.0032992345823366622
ML SA0423 T+2.3%P5,0.0
MNP DA 1/5 040612,-0.009646436786611439
MNP DS 7/26 040523,1.4505919504939616E-6
MNP Da 1/5 040612,0.008480293041103693
MNP Da 1/5 160615,-0.005291549357384309
MONOPRIX DA,-1.5379596090376034E-5
MPBS,-0.001669548977842748
MPBS DA1/10 070717,-0.009589411947263078
MPBS DA1/20 050718,-0.0012100712983624637
MXA 0623 7.85%P7-2,0.0
MXB 0623 7.85%P7-2,2.9366717193814724E-7
MXC 0623 7.85%P7-2,2.9366717193814724E-7
MXD 0623 7.85%P7-2,0.0
NBL DA 1/10 280717,0.010837709351510892
NBL DA1/45 161213,-0.024855143503516187
NEW BODY LINE,-0.0048844866217727465
OFFICEPLAST,-0.004744986248985294
ONE TECH HOLDING,-4.956901360829855E-6
PLA DA7/103 190721,0.0018510948468287464
PLAST DA1/4 161216,-0.008098098859981718
POULINA GP HOLDING,-6.954198980794539E-4
SAH DA 1/14 010818,-0.07823891147414024
SAH DA 1/14 131217,-0.008731836951334629
SAH DA 1/20 050914,-3.225920431767736E-4
SAH DA1/4 22082022,-0.0071282596228557805
SAH Da 1/5 230615,-0.011021748325344461
SAM DA 1/5 300920,-0.014368195026628791
SFBT,2.7282450255333472E-5
SFBT (DA 1/6),-0.0011183750298482595
SFBT (Da 1/6),5.970495116891119E-6
SFBT (Da 1/7),6.065545249232489E-6
SFBT DA 1/12 2006,-0.002535169989117832
SFBT DA 1/7 040516,0.11273390508816793
SFBT DA1/10 040517,-0.01271949604427668
SFBT DA1/19 280513,0.07616495134760386
SFBT DA5/56 120510,-0.0019209200952774218
SFBT Da10/66 03712,0.07347760578171005
SFBTDA1/2(11/4/02),-0.0014271499592815292
SFBTDa1/2(11/4/02),6.124396571298742E-6
SIAM DA1/10 160721,0.00441495301799922
SIAME,-3.258693250645131E-4
SIAME DA1/8,8.75033210187805E-6
SIAME DA5/11,-0.005484109628913296
SIAME Da1/10,-4.919245455815212E-6
SIMPA DA1/6 010708,-3.013402438224331E-6
SIMPA DA1/8 020712,0.05191379793014566
SIMPA Da1/7 010710,-4.440722943435547E-6
SIMPAR,-0.004281421190752699
SIMPAR Da 1/5,-4.34368309978452E-6
SIPHAT,-0.0071014167148732744
SITEX,-0.002841894304549648
SITS,-0.007099061072962661
SITSDA1/9 28/03/07,-0.0011233558237768915
SITSDa1/9 28/03/07,-1.0282238401037004E-5
SMART DA1/5 070623,-0.010532699977850902
SOKNA DA1/5 020712,4.035804615121899E-5
SOKNA DA2/5 010714,-0.003037770735111868
SOKNA Da2/5 010714,-0.005137414762374203
SOM DA 1/23 201015,-8.799270284008258E-5
SOMC DA1/10 261211,-0.002068620888401225
SOMC DA3/37 250814,-0.002249962562893507
SOMC Da1/10 261211,2.9602782894149864E-4
SOMOC DA 1/7 0803,3.9155286181141326E-5
SOMOC Da 1/10 0708,0.001005753408828128
SOMOC Da 1/20 2007,-1.7397022980894897E-5
SOMOCER,-7.985233040430168E-5
SOPAT NS J01012019,-4.835583899781651E-5
SOPATDA1/10 140213,-6.256977169847083E-5
SOPATDA1/20 010708,-0.0010397391637143889
SOTEM NS J01012021,-8.734191797880002E-6
SOTETEL,-5.024171087660408E-4
SOTETEL Da1/6,-1.0203944755883033E-5
SOTIPAPIER,-2.922172109950912E-4
SOTUMAG,-6.031249003585011E-4
SOTUV DA1/7 180713,-0.010974963850592337
SOTUV DA3/41 10714,-0.004474574487863048
SOTUV NG J 010121,-0.007887863845961941
SOTUVER,-1.3955338333929035E-5
SOTUVER DA 1/24,-4.0155171518163913E-5
SOTUVER Da 1/24,1.4221939700839743E-5
SOTUVER Da 3/34,0.017691832162865767
SPDIT - SICAF,-0.005624878745781046
SPDIT Da 1/24 3512,-0.002111850784744843
STA,8.03158707091398E-6
STAR,-0.004899968309224248
STB,-7.637153311782185E-5
STB SA1124 10.5%P5,-2.132521914717693E-6
STB SB0122T+1.3P10,-0.0026981369758343294
STB SC0427 11%P7-2,1.7612358009214855E-6
STB SC1126 11%P7-2,9.213799269653305E-7
STB Sb0122T+1.3P10,0.0
STB0225 6.5%AP16,-8.577948175286904E-4
STB0320 T+0.70%P10,\N
STB0325 5.30%P15,-8.417571389923637E-4
STB0524 T+1.5%AP16,0.0
STIP DA1/10 0703,-0.0022624265863617193
STIP Da1/10 0703,0.0037895803426902
STPIL DA1/17 20614,3.425210825222695E-4
STPIL DA1/20 02712,-0.009687512665774682
STPIL DA1/39 01716,-0.00503065369046861
STPIL Da1/10 0703,0.0011993066986682893
STPIL Da1/20 02712,-0.0011005116178838057
STPILDA0807 1/10,0.003163426018876902
STV DA2/23 4122017,-0.01753754325709569
TAIR DA 1/5 010908,-0.013892866385541684
TAIR DA1/10 010799,-0.016619028624020635
TAIR DA1/11 170709,-0.011079264768305742
TAIR DA1/22 310806,-0.012288324176111882
TAIR Da1/10 030700,2.959203706354582E-4
TELNET HOLDING,-1.5784392478229207E-4
TF 0120 7.6% AP5,\N
TF 0120 T+2.5% AP5,\N
TJARI - (DA),-0.004337110629303181
TJARI - (Da),1.0786606124718779E-5
TJARI NS J01012024,\N
TJARIDA1/40 250518,-0.004655428307679659
TJARISB05247.5P7-2,0.0
TJL DA 3/17 210717,0.016758313347881772
TJL S1125 10.25%P5,-7.62466660680684E-4
TJLS A0623 8.2%AP5,0.0
TJLSB1221 7.75P7-2,0.0
TJLSC0625 8.35P7-2,0.0
TL A0520T+2.3%AP5,\N
TL A0523 T+2.3%AP5,-0.003873076630249196
TL A0624 T+2.7%AP5,0.0
TL B0120 6.4P7-2,\N
TL B1221 7.8% P7-2,-6.793668481610402E-4
TL SA0322 7.6% AP5,-7.079301580623639E-4
TLB0423 7.75% P7-2,-9.166790138448037E-4
TLB0522 7.85% P7-2,0.0
TLFA0426 9.70%AP5,-7.554780961354118E-6
TLFSA 0124 10.6%P5,-0.0013132559249372198
TLFSB 0126T+3%P7-2,0.0
TLS A0223 7.95%AP5,-0.0032288580859035315
TLS A0620 7.7%AP5,\N
TLS A0622 7.55%AP5,-0.0023228492760449617
TLS B0624 7.8%P7-2,0.0
TLS DA 1/4,4.824235248979066E-5
TLS DA 1/57 020309,-1.0757413421569078E-4
TLS DA 1/6(181203),4.760143219658844E-5
TLS DA 1/68 301209,-0.00413255694860632
TLS DA1/23 010719,-0.0030199532693154594
TLS DA1/55(010307),0.006701721961808498
TLS Da 1/4,2.474441230770205E-5
TLS Da 1/5(021202),2.4851400883377783E-5
TLS Da 1/56 030308,0.003633205246617946
TLS Da 1/68 301209,0.001705871629749056
TLS Da 1/69 010210,0.0013719458845135404
TLS Da 3/80 010213,-0.001975765870388482
TLS Da1/55(010307),0.0017795255105351258
TPR,-9.073416992011081E-5
TPR DA 1/21 250612,0.001964681210779142
TPR DA 1/36 250510,-0.01599229232660395
TPR DA 1/8 200509,-0.0027159014810016037
TPR DA 5/37 150611,0.02536842108885752
TPR Da 1/21 250612,-0.005999916683431913
TPR Da 1/36 250510,-0.0022862444584441657
TPR Da 1/8 200509,-0.002697893794536539
TPR Da 5/37 150611,0.00917870421870978
TUN. LEAS. (DA 10),-0.0016263163491667993
TUN. LEAS. (Da 10),2.78432021407765E-4
TUNISAIR,-2.658404134325008E-4
TUNISAIR - DA 01,-0.0024415492862734
TUNISAIR - DA 04,-0.005468355431994594
TUNISAIR - Da 04,0.0018329827666669469
TUNISAIR DA 1/10,-0.013406460998124104
UADH,-8.573737273248842E-4
UBCI 0520 6.8%P7-2,0.0
UBCI DA 1/6 010900,-2.8454646363912055E-5
UBCI DA 3/7 010704,-0.004181164449181572
UBCI Da 1/2 150710,-1.0080236956935983E-4
UBS A0122 7.4% AP5,-7.99088121047619E-7
UBSB0124 7.5%AP7-2,-5.615966446165994E-4
UBSB0622 7.5%AP7-2,0.0
UIB0120 6.30% AP7,\N
UIB0123 6.40% AP10,1.4683582650597795E-6
UIB0133 6.70% AP20,-0.0013987230059968755
UIB0821 T+1%P10,-0.0014263419526007908
UMED D76/509 26716,0.012456571136609987
UNIFAA1123 9.25%P5,-0.0030990236301319204
UNIFAC02217.45% P5,-0.0042843254611512295
UNIFAC0221T+2.5%P5,-0.005420811148972366
WIB IB0624 10.5%P5,-0.002989876246077731
WIBIA0624 10.25%P5,-0.0067244634075288
WIBIC0626 10.75%P7,-7.062763926300891E-4
