"AB SB0226 9	7.385110054502192
ABC B0725 8",2.2068255747167527
"ABC B0725T+2	6.242500726072905
ABCB0627 11",-2.7349315363129776
"ABCC0725T+2	4.717261480272796
ABSC0228 9",-7.793271150004536
"ATL A1224 11	-0.6244720045385392
ATL C0725 8",-0.4693284134070481
"ATL S1024 7	0.0
BTA 5",3.216916234348913
"BTA 6	-12.691492993310877
BTA 7",-10.509485719640189
"BTEA0125 T+2	-1.1818824000057617
BTEB0127 11",6.246421651494451
"BTEB0127T+3	-2.2247486773866427
CIL 0124 T+2",-1.0
"CIL 0625 10	0.0
E NAT 2021 8",7.605553941944407
"ENAT2 2021 8	0.0
ENAT2021 8",-4.672653907173803
"ENAT22021 8	-0.9711109670388143
ENAT3 2021 8",-3.689360931147803
"ENAT32021 8	-1.0
ENAT32021 T+2",7.858073651341115
"ENT32021T+2	-1.0
HL A0224 11",-1.319619844986383
"HL B0126 10	9.439904927200843
HL B1125 10",6.550001315783973
"HL S A0523 8	0.0
HLA0126 10",-0.004013106768994135
"HLA1125 10	5.37337409007138
HLB0228 10",1.318472872315013
"MLSB0425 8	2.046415209387188
SER R 1224 11",0.0
"SER R 1224T+4	0.0
STB SA0425 10",-4.148660132306759
"STB SA1124 10	0.0
STBSD1126 11",-1.2571344117017667
"STBSE0425 11	3.7896695588724043
STBSE1124 11",4.471211079541035
"TJL B0624T+2	0.0
TLS 0525 11",-2.9051537522918522
"TLS S0126 10	5.065365034882248
TLSB0324 7",0.0
AB DA 1/10 110613,0.22518739740571236
AB DA 1/27,-0.08446965367852616
AB DA 1/7 12102023,-0.032298889699813316
AB DA 26 3/37,-0.12380391484133146
AB DA 29 3/40,-0.2311047748348417
AB DA 3/37 281209,-0.2876093219063752
AB DA 34 2/59,-0.029647604941844097
AB DA1/24 01082016,0.0475904710702284
AB DA1/25 300617,-0.17461100238550364
AB Da 1/10 110613,-0.15772532211581147
AB Da 1/27,0.0030800222441662584
AB Da 26 3/37,0.07545624542540352
AB Da 29 3/40,0.11027728775506507
AB Da 3/37 281209,-0.08734731289728259
AB Da 34 2/59,0.014264739215204658
AB SA0226 9% AP5PP,0.0
AB SA0422 7.4%AP5,9.604977260030566
AB SA0428T+2.7P7-2,0.0
AB SA1121 7.4% AP5,0.6863410093119526
AB SB0431T+2.8AP10,0.0
AB SC0424 7.7%INF7,-5.747790481191352
AB0523 6.5%AP15,4.16695263170336
AB0528 7.0%AP20,6.188456316939892
AB0825 T+0.85%AP15,0.09722701265046396
ABC A0625 11%AP5,0.48168953111438384
ABC A0723 8.2%AP5,3.582570567423886
ABC A0723 T+2.2%AP,-4.100168198842141
ABC B0725 8.4%P7-2,0.0
ABC B0725T+2.4P7-2,0.0
ABDA 1/14 11122007,0.33484070615486417
ABS A02207.35%AP5,0.0
ABSA0220T+1.9%AP5,0.0
ABSB02227.45%AP7-2,-4.546206792351164
ABSB0424 7.55AP7-2,2.5342244496621973
ABSB0921 6.1%P10,-4.227524647211787
ABSB0921 T+1%P10,-4.072557489566883
ABSB0924 5.45%P15,-3.635462224534187
ABSB0924 T+0.85P15,-4.045329058483066
ABSB1123 7.5%AP7-2,-7.893523920168118
ABSUB0922 6.25%P10,-2.4981276655323654
ABSUB0922T+1.3%P10,-2.6154582095326404
ABSb0921 6.1%P10,-1.0
ABSb0921 T+1%P10,-1.0
ABsb0924 5.45%P15,0.0
ABsb0924 T+0.85P15,0.0
ABsub0922 6.25%P10,0.0
ABsub0922T+1.3%P10,0.0
ADW DA 1/15 310717,0.008437620980626004
ADW DA 1/22 310718,0.009340380974252604
ADWA DA1/12 311215,0.035495894659075766
ADWYA,0.09719579688625668
ADWYA DA 1/10 2007,0.039912940917832485
ADWYA DA 1/5 90812,-0.024172953359283378
ADWYA DA1/5 040814,0.14914278224671618
ADWYA DA1/8 071116,0.03125415937232168
ADWYA Da 1/5 90812,0.054142812198715085
AETECH,0.01906266492983688
AIL 0820 7.65% AP5,0.0
AIL0820T+2.25% AP5,0.0
AIL0822 7.85% P7-2,4.736217033080621
AIR LIQ DA1/4 0999,20.732127704488036
AIR LIQ DA1/6 0601,6.490817241029447
AIR LIQ DA1/8 0903,-0.30639799380151267
AIR LIQ Da1/4 0999,0.4525069231077339
AIR LIQ Da1/6 0601,0.24682796667195817
AIR LIQ Da1/8 0903,0.07293199159315833
AIR LIQUDE TSIE,2.585370486613556
AIR LIQUIDE TSIE,-1.2280409263750727
AL DA 1/11 030908,0.3609311525576029
AL DA 1/12 030909,-0.3261471162758154
AL Da 1/11 030908,-0.14949444414097002
AL Da 1/12 030909,-0.01725787937024137
ALK DA 1/10 240603,0.1476133571977709
ALK Da 1/10 240603,-0.07425329717119711
ALKIM DA,0.11183501365262671
ALKIM DA 04,-0.16169176092627158
ALKIM Da,-0.05515065163239896
ALKIM Da 04,0.03045669471037682
ALKIMIA,2.0214619017049813
ALQ DA 1/11 020913,-1.5222842264891328
ALQ DA 1/11 050911,0.033029313895044154
ALQ DA 1/11 060910,-0.4445167822702061
ALQ DA 1/12  0907,0.683302405034679
ALQ DA 1/12 150914,-0.14023099338098177
ALQ DA 1/15 030912,1.0774336393791435
ALQ DA 1/16 160919,-0.17801147978879062
ALQ DA 1/25 070915,0.26663815438050076
ALQ DA 1/28 050916,0.31819992493615823
ALQ DA 1/30 161018,-0.011395084784283416
ALQ DA 1/31 250917,0.09406395333504136
ALQ DA 1/45 201120,0.011873728587477483
ALQ DA1/10 7/09/04,-0.011099905717854394
ALQ DA1/12 070906,0.9974339346859065
ALQ DA1/6 (160902),2.2036465617190615
ALQ Da 1/11 020913,0.06536973026545034
ALQ Da 1/11 050911,-0.15915766966744727
ALQ Da 1/11 060910,-0.24572458186426616
ALQ Da 1/12  0907,0.22888708716935469
ALQ Da 1/15 030912,0.055608985192405314
ALQ Da1/10 7/09/04,-0.10738593766660642
ALQ Da1/12 070906,-0.11382407482816248
ALQ Da1/6 (160902),0.8529026341363988
ALQDA1/12 06/09/05,-2.0427759197189506
ALQDa1/12 06/09/05,0.050270573664235485
AMEN BANK,0.3513479054789883
AMI DA 1/4 110817,0.02228612305732114
AMI DA27/35 241120,-0.07138493069055807
AMI DS77/68 220921,-1.0
AMI NG J 01012020,0.041850509905596245
AMS,0.05412994315643971
AMS DA 1/10 010798,0.00819691344997825
AMS DA 1/26 0803,-6.786432685108174E-4
AMS DA 1/40 010799,0.002331074655941753
AMS DA 1/5 030413,0.001390673144633786
AMS DA 1/50,0.0018705024461701872
AMS DA 1/51 150702,-0.0020482263376801904
AMS DA 1/9 090804,-0.006318954387499021
AMS Da 1/10 010798,0.001700938488325754
AMS Da 1/26 0803,-4.2773452260013584E-4
AMS Da 1/40 010799,-9.00174324310353E-4
AMS Da 1/5 030413,-1.6400962844365097E-4
AMS Da 1/50,2.1888383298478142E-4
AMS Da 1/51 150702,1.8265861522535898E-4
AMS Da 1/9 090804,-0.001237913834585408
ARTES,-0.37340833335082646
ARTES DA1/4 230712,-0.04889287108178686
ARTES DA1/5 040313,0.18716905986037136
ARTES Da1/4 230712,-0.010527005687527069
ARTES Da1/5 040313,-0.028263343577058286
ASS DA 1/10 020610,-0.027999685261252155
ASS DA 1/22 200611,-0.01022336828217886
ASS DA 1/23 010812,0.016136477562147714
ASS Da 1/10 020610,0.017402915186767398
ASS Da 1/22 200611,0.005898919404531439
ASS Da 1/23 010812,-0.0024947223317191014
ASS MULTI ITTIHAD,-0.034167561269178304
ASSAD,0.20238159384878784
ASSAD DA1/4 150609,-0.00574971434819993
ASSAD Da1/4 150609,0.07684648455700582
ASSDA1/9(01/07/05),0.07324704728341397
ASSDa1/9(01/07/05),-0.026658095812633675
ASSU MAGHREBIA VIE,0.062022902413800374
ASSUR MAGHREBIA,-0.16543111773897579
AST DA 1/2 140817,-1.740206492649996
ASTREE,-0.2559790330723928
ATB,0.044964339901627515
ATB DA 1/10 151208,-0.03557032625681553
ATB DA 1/16 161210,0.02225285975889374
ATB Da 1/10 151208,0.0021830847509332063
ATB Da 1/16 161210,-5.922366091815068E-4
ATB0523T+1.25%AP16,4.231312627189219
ATB0524 5.7%P15-5,-3.423532010092213
ATB0527T+1.75%AP20,-8.293338177448234
ATB0529 5.9%P20-5,-2.412434493012803
ATB0532T+2.0%AP25,9.683718087350954
ATBDA1/7 09/11/05,0.027400025529942196
ATBSA325T+2.05P7-2,6.002190690230201
ATBSB0328T+2.1AP10,7.054714865403845
ATELIER MEUBLE INT,-0.07907323950161382
ATL,0.07112222129758194
ATL 0720 7.65% AP5,0.0
ATL 0720 T+2.3%AP5,0.0
ATL 0722 7.85%P7-2,-6.281166731763378
ATL 1120 7.2% P7-2,0.0
ATL A0220 7.6% AP5,0.0
ATL A0221 7.5% AP5,-3.582768733999087
ATL A0322 7.55%AP5,3.532351065607621
ATL A0323 7.65%AP5,11.771043300441036
ATL A0621 7.5% AP5,-2.8025880808443766
ATL A0723 8.3% AP5,7.679340185569771
ATL A1025 10.30%P5,2.355548950396951
ATL A1224 11.6%AP5,-1.3045458039145785
ATL B0723T+2.2%AP5,-7.040951601932669
ATL C02227.8% P7-2,6.865544322664846
ATL C0725 8.5%P7-2,0.0
ATL DA 1/5 290808,-0.052286108544959575
ATL DA 2/17 261112,-0.00922989267671688
ATL Da 1/5 290808,-0.005155203842099665
ATL Da 2/17 261112,0.003311610614069649
ATL NS J 01072019,-0.040174733213468136
ATL S1024 7.9%P7-2,4.175916875798578
ATL0420 6.8P7-2,-0.9555472130325497
ATL0420 T+1.9P7-2,0.0
ATL1120 T+1.9%P7-2,0.0
ATLB0221T+2.35%AP5,7.028309210011784
ATLB0322T+2.35%AP5,-1.4443967408509835
ATLB0323T+2.35%AP5,9.796816969639913
ATLC0223 7.75%P7-2,8.063034187020769
ATLC0324 7.8%AP7-2,10.814470767265306
ATLC0325 7.95%P7-2,1.7213780500206184
ATLC0521 7.35%P7-2,4.6650758275477315
ATLC0623 7.75%P7-2,9.741060254258421
ATTIJARI BANK,-0.33875119789823316
ATTIJARI LEASING,0.7484021426134451
ATTIJARI LS ROMPU,0.781170309611154
Autres Lignes,0.0
BEST LEASE,-0.018163742160042684
BH,0.2579922646173092
BH 0620 6.8% AP7,0.0
BH 0620 T+1.8% AP7,0.0
BH ASSURANCE,-5.597112594138814
BH BANK,0.38030683045959357
BH DA 1/20 150999,-0.07406254347132646
BH DA 1/3 270715,0.39980008675771206
BH DA 1/5 171117,-0.16226155434358547
BH DA1/25 14022000,-0.04255154772158937
BH Da 1/20 150999,0.01657598816760264
BH Da1/25 14022000,-4.807746780786104E-4
BH LEASING,0.2254855065683794
BH SA0324 10% AP5,-1.2732762221540952
BH SA0324 T+2.1AP5,-10.654688238110118
BH SC0326 10.3P7-2,-1.6583312000833033
BH SC0326T+2.6P7-2,-0.23177104007163507
BH SC1028 9.1%P7-2,-1.0
BH1224 5.3%P15-2,1.0681148487897758
BH1224 T+0.8%P15-2,12.635600090471904
BHDA 1/15 28052007,0.07563861844893771
BHS A0423 7.7% AP5,4.268257518721491
BHS A0423 T+2% AP5,5.9179323054000434
BHS A0520 7.4%,0.0
BHS A0521 7.4%AP5,-3.5423196692748675
BHS C0425 8% INF 7,-8.449231475100447
BHSA0520T+1.95%AP5,0.0
BHSA0521T+1.95%AP5,-2.295416125242525
BHSA1026T+2.55P5-1,-1.0
BHSB0324 10.2%INF5,-2.0920963884500807
BHSB0324T+2.3%INF5,-3.93075105584262
BHSB0425 7.85%P7-2,2.639681087011013
BHSB0425T+2.1%P7-2,6.346027829408513
BHSB0522 7.5%AP7-2,9.62278671787739
BHSB0523 7.5%AP7-2,2.6311788377906282
BHSB1026T+2.7%INF5,-1.0
BHSD1028T+2.9%P7-2,-1.0
BIAT,-0.16920350577468923
BIAT DA1/20 290620,-0.09037955597781444
BIAT DA32 4/60,0.0010456103083309465
BIAT DA36 1/24,-0.11007283442323113
BIAT Da32 4/60,0.17818482675283143
BIAT Da36 1/24,0.18459187749827688
BNA,0.06338884081608676
BNA DA 1/10 040509,-0.046456645529885265
BNA DA 1/10 200618,-0.012996822918751816
BNA DA 1/55 150419,-0.012493577864812228
BNA Da 1/10 040509,-0.01172187785715817
BNA SA0522 7.4%AP5,1.843444784472311
BNA0424 5.4%AP15,10.011813911324268
BNASA0823 8.25%AP5,1.7166782232375866
BNASA0823 T+2% AP5,13.612406568699953
BNASB0524 7.55P7-2,0.06668370742578844
BNASB0825 8.5%P7-2,3.9981200878776306
BNASB825T+2.25P7-2,9.347277923139941
BQ DE TSIE - DA,-0.23172464679928928
BQ DE TSIE - Da,-0.06651326090388476
BQ HABITAT (DA),0.08919056817748411
BQ HABITAT (Da),-0.025482196822080194
BT,-0.019418899172467974
BT DA 1/2 10/06/09,0.514322562186126
BT DA 1/2 23052006,1.5385688755153382
BT DA 1/3 280613,-0.35403264892422803
BT DA 1/4 04052018,-0.14875797113680989
BT DA 1/5 03062016,0.011124138839905706
BT DA 1/5 10052022,0.03609185345035415
BT DA 3/10 170599,0.7092644944928059
BT Da 1/2 10/06/09,0.01806264019267001
BT Da 1/2 23052006,-0.08802634595704184
BT Da 1/3 280613,-0.049443470142284784
BTA 6% AVRIL 2023,1.62696658211118
BTA 6% AVRIL 2024,0.4667202944894342
BTA 6% Avril 2023,-0.01970076759489814
BTA 6% FEV  2022,-7.24725745228497
BTA 6% Fev  2022,0.15508353699782162
BTA 6% JANV  2024,8.185300520339574
BTA 6% JUIN  2021,-9.526448226770803
BTA 6% JUIN  2023,-0.7196897846382271
BTA 6% Janv  2024,-1.4210854715202004E-14
BTA 6% Juin  2023,1.4210854715202004E-14
BTA 6% OCT  2023,-3.6069595918154533
BTA 6% Oct  2023,4.263256414560601E-14
BTA 6% avril 2024,0.0
BTA 6.3% MARS 2026,6.830040963617904
BTA 6.3% Mars 2026,4.263256414560601E-14
BTA 6.3% OCT 2026,2.7252697310381464
BTA 6.3% Oct 2026,-4.263256414560601E-14
BTA 6.9 % 09052022,-5.822867630810322
BTA 7% JUIL  2028,2.280126178716401
BTA 7% Juil  2028,-5.6843418860808015E-14
BTA 7% Nov 2023,-1.0
BTA 8% MARS 2033,0.0
BTA 8% Mars 2033,0.0
BTA 8% NOV 2030,5.038310425775151
BTA 8% Nov 2025,-1.0
BTA 8% Nov 2030,0.0
BTA6.7% AVRIL 2028,1.947629483717435
BTA6.7% Avril 2028,4.263256414560601E-14
BTDA1/7(3/12/01),0.07973139735059709
BTDa1/7(3/12/01),0.009117128435623734
BTE (ADP),0.16356262375563446
BTE A0122 7.4% AP5,0.7619136180998609
BTE A0125 11% AP5,-2.527509748139927
BTE0232 6.25%P20,-13.00856284243757
BTE0920 5.2%AP10,0.0
BTE0920 T+0.7%AP10,0.0
BTE0930 5.85%AP20,2.1884583876751478
BTEA0122 T+2.5%AP5,5.850201632856368
BTEA0125 T+2.75%P5,0.0
BTEB0124 7.55%P7-2,-6.256198108166451
BTK0220 T+0.7%P10,0.0
BTK0225 T+0.8%P15,-12.240392921583108
BTK0230 5.85%P20,1.8054534640006707
BTKSB12217.45%P7-2,4.71498615440867
Bt Da 3/10 170599,-0.23576448062336475
CARTHAGE CEMENT,0.010515672412621857
CC DA 1/52 201210,0.005891234950483857
CC DS 13/10 170120,3.1727247282705394E-4
CC Da 1/52 201210,2.251618353622739E-4
CELLCOM,-0.1611973049098676
CEREALIS,0.06552875827640925
CIL,0.3801543707819661
CIL 0120 7.6% AP5,-1.0
CIL 0124 10.6% AP5,-5.657073431704561
CIL 0124 T+2.5% P5,-15.18993466900395
CIL 0222 7.50% AP5,-4.566887443427305
CIL 0323 7.95% AP5,-3.3732839267629373
CIL 0521 7.5% AP5,8.717106586959808
CIL 0620 7.65% AP5,-0.00554468398693856
CIL 0620 T+2% AP5,0.0
CIL 0622 7.60% AP5,0.14125364830989184
CIL 0625 10.5% AP5,1.5909197105347772
CIL 1020 7.65% AP5,-0.21144270506384324
CIL 1020 T+2% AP5,0.0
CIL 1220 7.25%P7-2,-0.22990742096272726
CIL DA 1/3 110610,-0.43565666866065245
CIL DA 1/4 030611,-0.18013757800269903
CIL DA 1/5 301208,-2.660119248951709E-4
CIL DA 2007 1/4,0.48950541592431307
CIL DA2/5 15052023,-0.010846257252846492
CIL Da 1/3 110610,0.14568850234297948
CIL Da 1/4 030611,0.22701491830205267
CIL Da 1/5 301208,0.45666886947812557
CIMENTS DE BIZERTE,-0.09562323361090286
CITY CARS,-0.17796957495631638
CITY DA1/3 230919,0.4793786249448586
DA TPR 11/149 2006,-0.05084605915778059
DELICE HOLDING,-0.22823787016375618
Da TPR 11/149 2006,0.005365869489132091
E NAT 6.15% 2014 B,5.4279628887651725
E NAT 6.35% 2014 C,6.512959504831464
E NAT HASSN 2014 B,2.354942617962152
E NAT HASSN 2014 C,-6.560517184001988
ECYC DA1/10 010719,-0.28962762988109314
ECYC DA1/10 040822,-0.12918211766112053
ECYCL DA1/2 010616,-1.6699426934755728
ELBENE INDUSTRIE,0.0
ELECTROSTAR,0.02703329270812982
ELECTROSTAR DA 1/6,0.010280415678782365
ELECTROSTAR Da 1/6,-0.00296605160395684
ENAT2 HASSAN21 APP,0.0
ENAT3 HASSAN2021 B,-1.0
ENAT3 HASSAN2021 C,-1.0
ENAT3 HASSAN21 APP,-1.0
ENNAKL AUTOMOBILES,0.24410378638879138
ESSOUKNA,-0.060636538625190806
EURO-CYCLES,0.023204228310991226
GIF DA 1/10 2008,-0.012918652161157153
GIF DA 1/11 160209,-0.0019909031491397514
GIF DA 1/4 200711,-0.0028983096923273916
GIF DA 1/5 101212,0.0023527145888379147
GIF DA27/1000 8713,-1.0116986803876751E-4
GIF DA4/237 270415,4.085706492772158E-4
GIF DA5/429 310715,-2.581306488042695E-5
GIF Da 1/11 160209,0.002725637605868511
GIF Da 1/4 200711,3.032926772339184E-4
GIF Da 1/5 101212,-0.0020565603738760957
GIF Da27/1000 8713,3.6873503451880646E-5
GIF-FILTER,-0.010472131325664935
HANNIBAL LEASE,-0.22884863709207393
HEXABYTE,0.15683930487179776
HL 0621 7.65% AP5,-2.907864124528082
HL 1121 7.65% AP5,-5.61150231809718
HL 1121 T+2.35%AP5,-4.00063529225913
HL 1123 7.85% P7-2,2.848582243828666
HL A 0226 10% AP5,0.007855364282846722
HL A0123 8% AP5,-2.8682891027610538
HL A0123 T+2.4%AP5,10.266207595507467
HL A0222 7.65% AP5,10.740878886092176
HL A0224 11.15%AP5,2.044561640828803
HL A0224 T+3.5%AP5,-7.473303090860057
HL A0321 7.65% AP5,-3.4212645608294565
HL A0420 7.7% AP5,0.9492612516277372
HL A0722 7.65% AP5,7.877460781614559
HL B0125 8.25%P7-2,4.422272352167795
HL B02217.35% P7-2,-3.7392427187064845
HL B0224 7.85%P7-2,-3.6803084364763876
HL B0226 11.5%P7-2,6.961922537012107
HL B0323 7.85%P7-2,-5.409959303558182
HL B0422 7.85%P7-2,6.736207521450744
HL B0724 7.85%P7-2,2.979281131836224
HL B1021 7.8% P7-2,3.149889506911819
HL DA 1/10 180817,-0.020676510817501825
HL DA37/100 090720,-0.042239668046716305
HL S A0523 8.3%AP5,-9.432385782187431
HL S A0523T+2.1%P5,6.1273797826317775
HL SB0525 8.5%P7-2,10.671300382266097
HLA0222T+2.35%AP5,-2.8480813532404454
HLA0321T+2.35%AP5,-5.380296661981083
HLS 1120 7.72% AP5,-0.6940454938272995
HLS1122 7.92%P7-2,-4.403122843105528
ICF,-2.822401441276199
JBS 1020 7.4% AP5,0.0
JBS1022 7.5% P7-2,8.823545589347141
JBS1022T+2.1% P7-2,2.646294208707019
JL A0322 7.65% AP5,8.8918353033269
JL A0420 7.6% AP5,2.354815205995738
JL A0721 7.5% AP5,0.3643472768815599
JL A1220 7.7% AP5,6.095701607874918
JL A1222 7.75% AP5,1.9213049323460822
JL B0422 7.8% P7-2,1.916865061391043
JL B0723 7.75%P7-2,-2.738240019646252
JL C0324 7.85%P7-2,-3.4735974142622297
JL C0420T+2.3% AP5,0.0
JL C1224 7.9% P7-2,4.30379813288242
JLB1222T+2.35% AP5,-1.4955521411094423
JLC 1120 7.1% P7-2,0.0
JLC0621 7.35% P7-2,9.211639066042473
LAND OR,0.3870953778759061
LNDOR DA1/32 80617,0.018287588213862227
MAG DS 5/11 150523,0.02852594927334834
MAG GEN DA 1/2,0.1576181072002223
MAG GEN Da 1/2,-0.025927118660082016
MAG NS J 01012023,0.0
MAGASIN GENERAL,-1.0301423170520074
MAGHREB INTERN PUB,0.00853347897447107
MGR DA 1/10 201217,-0.038936073839360374
MGR DA1/3 050710,0.09199407837176915
MGR Da1/3 050710,0.045767077767060904
ML DA 1/4 250515,0.03647536860156414
ML S A 0423 8% AP5,9.697874216791021
ML SA0423 T+2.3%P5,11.445077715472351
ML0220 6.50% AP7-2,0.0
MLSB0425 8.25%P7-2,0.0
MNP DA 1/2 100611,-0.09269888938593085
MNP DA 1/5 040612,0.0465406482627444
MNP DA 1/5 160615,0.11237456981969829
MNP DS 7/26 040523,-1.0
MNP Da 1/2 100611,0.02503921856870983
MNP Da 1/5 040612,0.02961687024715265
MNP Da 1/5 160615,-0.00841666961158083
MNP NS J 01012023,-1.7763568394002505E-15
MODERN LEASING,-1.0
MONOPRIX,0.031222406000908087
MONOPRIX DA,-0.12919081496522788
MONOPRIX Da,-0.0385905741777306
MPBS,0.09670412211892643
MPBS DA1/10 070717,0.02734728676818976
MPBS DA1/10 100719,-0.02944377517812924
MPBS DA1/17 100820,-0.02254217889172752
MPBS DA1/20 050718,-0.013790734395862647
MXA 0623 7.85%P7-2,5.217270896958368
MXB 0623 7.85%P7-2,2.195458078913461
MXC 0623 7.85%P7-2,0.32377615272866933
MXD 0623 7.85%P7-2,-4.291710664306919
NBL DA 1/10 280717,-0.04255582007921832
NBL DA1/45 161213,0.01041777868133327
NBL Da1/45 161213,2.4509894896418416E-4
NEW BODY LINE,-0.013791686517487634
OFFICEPLAST,0.08374763842675503
ONE TECH HOLDING,0.31855153651540036
OTH DA1/2 181121,0.14109244369113005
PGH DA 2/25 230611,-0.03749469662057381
PGH Da 2/25 230611,0.006973623679625174
PLA DA3/100 231020,4.5877446809780564E-4
PLA DA7/103 190721,7.92189487822767E-4
PLA NG J 01012021,-0.02941190205004518
PLA NG j 01012021,-1.0
PLAC. TSIE-SICAF,-1.280504505210299
PLAST DA1/4 161216,-2.309678170767776E-7
PLAST DA1/5 190722,-0.0021917143214721935
PLAST NS J01012020,0.0
POULINA GP HOLDING,-0.013815123826073972
SAH,-0.04472472237369374
SAH DA 1/14 010818,0.022716045714407995
SAH DA 1/14 131217,-0.053533802539444286
SAH DA 1/14 250117,0.029028471199377237
SAH DA 1/17 070717,-0.03511080965256119
SAH DA 1/18 031218,0.014659741677391369
SAH DA 1/20 050914,0.04167653066174126
SAH DA 1/35 010823,8.918069312225385E-4
SAH DA 1/5 230615,0.503657547825094
SAH DA 1/7 050814,-0.03473695822833833
SAH DA1/4 22082022,-0.1928995744751183
SAH Da 1/5 230615,-0.022521199530930236
SAM DA 1/10 280717,0.020905407095984596
SAM DA 1/5 300920,-0.006319771343679559
SANIMED,0.039530876710798246
SER R 1224 11.6%P5,1.4679160847600485
SER R 1224T+4.6%P5,0.9254619110872966
SERVICOM,0.040931380806452644
SFBT,-0.5356343893489317
SFBT (DA 1/2) 2001,-3.9201467878780427
SFBT (DA 1/6),-2.9716213669048006
SFBT (DA 1/7),0.4435203559103087
SFBT (Da 1/2) 2001,0.7999457470841236
SFBT (Da 1/6),0.09289395964604807
SFBT (Da 1/7),-0.3291293239499673
SFBT DA 1/12 2006,-1.1254205306294454
SFBT DA 1/4 200720,-0.02981126757250152
SFBT DA 1/4 300418,-0.3187347120730193
SFBT DA 1/5 130519,-0.12142659891645335
SFBT DA 1/6 120515,0.29734643926929216
SFBT DA 1/7 040516,-0.08298951588025538
SFBT DA 1/8 200514,-0.3193489830497809
SFBT DA1/10 040517,0.1492245057500594
SFBT DA1/19 280513,0.13703952879111125
SFBT DA10/66 03712,-0.1757230728323985
SFBT DA2007 1/13,0.4464012576523544
SFBT DA5/56 120510,0.4496583459487762
SFBT DA5/61 300311,0.8569143713836977
SFBT Da 1/12 2006,-0.06593933813486075
SFBT Da1/19 280513,0.014624053948988802
SFBT Da10/66 03712,-0.5363742682661288
SFBT Da5/56 120510,0.02803290966943095
SFBT Da5/61 300311,-0.03828095057018999
SFBTDA1/2(11/4/02),0.363792293143419
SFBTDa1/2(11/4/02),-0.6481059446403705
SIAM DA1/10 160721,0.004237819815592625
SIAM DA1/25 280704,-0.0043397986409558775
SIAM Da1/25 280704,9.573049738439421E-4
SIAME,0.03976634062949236
SIAME DA1/10,-0.0032619324547730477
SIAME DA1/8,-0.031651704267834924
SIAME DA5/11,0.1665608286314253
SIAME Da1/10,-0.0021542526491230563
SIAME Da1/8,0.0012499268739529779
SIAME Da5/11,0.009134938678109883
SIMPA DA1/6 010708,-0.2938289137814585
SIMPA DA1/7 010710,-0.02806150357834447
SIMPA DA1/8 020712,0.18613263058963314
SIMPA DA2/9 010714,-0.4905572880238154
SIMPA Da1/6 010708,0.02818406113816252
SIMPA Da1/7 010710,-0.04131949539638491
SIMPA Da1/8 020712,-0.027820166553627068
SIMPAR,-2.999058123576294
SIMPAR DA 1/5,-0.5625290787239825
SIMPAR Da 1/5,-0.10954809084329575
SIPHAT,-0.6108809673669202
SITEX,0.3192949644293801
SITS,0.04314842582381173
SITSDA1/9 28/03/07,0.011139514383641677
SITSDa1/9 28/03/07,4.1953857482648904E-4
SMART DA1/5 070623,0.0762174365743884
SMART TUNISIE,0.41447627063375947
SOKNA DA1/5 020712,-0.1145383973046892
SOKNA DA2/5 010714,0.16861397498914743
SOKNA Da1/5 020712,-0.006011284162319885
SOKNA Da2/5 010714,0.015555926337998072
SOM DA 1/23 201015,-0.0019173735580897827
SOMC DA1/10 261211,2.2415884201622965E-4
SOMC DA1/45 211212,0.002107445103371996
SOMC DA2/35 231213,0.004628999212814431
SOMC DA3/37 250814,-0.009630780417453112
SOMC Da1/10 261211,-0.0013241090728285942
SOMC Da1/45 211212,-4.121139981563167E-4
SOMC Da2/35 231213,8.746419481906326E-4
SOMOC DA 1/10 0708,-0.006970517746936911
SOMOC DA 1/20 2007,-7.692997214803279E-4
SOMOC DA 1/7 0803,-0.023122632320393598
SOMOC Da 1/10 0708,-0.0012534244842148379
SOMOC Da 1/20 2007,-4.416218251599921E-4
SOMOC Da 1/7 0803,0.001665711621341437
SOMOCER,-0.021402695655397208
SOPAT,0.005474675944647345
SOPAT NS J01012019,-0.03207489820868836
SOPAT NS j01012019,-6.239068878861609E-4
SOPATDA1/10 140213,-0.0015520664587832314
SOPATDA1/20 010708,-6.777262483011019E-4
SOPATDa1/10 140213,0.0012741653430796418
SOPATDa1/20 010708,-0.0017190241762076591
SOT DA 1/10 150704,0.008251212681308517
SOT DA 1/5  010102,0.03995595350193759
SOT DA 1/5 010703,-0.005676456584292
SOT DA1/22  010906,-0.02347841461731373
SOT Da 1/10 150704,6.218514156442478E-4
SOT Da 1/5  010102,-0.015589715736436083
SOT Da 1/5 010703,-0.006321167075406642
SOT Da1/22  010906,-0.0018906281051661311
SOTEM NS J01012021,0.0922301963604597
SOTEMAIL,-0.15000606495489333
SOTETEL,0.013963374781713167
SOTETEL DA1/6,0.05401967629729193
SOTETEL Da1/6,-0.0013425161533321406
SOTIPAPIER,0.1275566284038474
SOTRAPIL,0.10544259106033493
SOTUMAG,0.02460783259475985
SOTUV DA1/7 180713,0.030235307299771974
SOTUV DA3/41 10714,0.0711171877325073
SOTUV DA7/32 91020,-0.0055588896706613156
SOTUV Da1/7 180713,-0.07957140890661796
SOTUV NG J 010121,0.2608651566597775
SOTUVER,0.2923442032608836
SOTUVER DA 1/24,-0.05161752143586851
SOTUVER DA 3/34,-0.18932758984743225
SOTUVER Da 1/24,-0.0021682975488461764
SOTUVER Da 3/34,-0.14235265878714154
SPDIT - SICAF,0.21725847989860725
SPDIT DA 1/24 3512,-0.02405848588681131
SPDIT Da 1/24 3512,4.881659693534157E-6
STA,-0.1668909054906571
STAR,3.3886464451605605
STB,0.08435284930728448
STB SA0425 10.5%P5,0.0
STB SA1124 10.5%P5,0.634728757479607
STB SA1124T+2.3%P5,18.207301672336158
STB SB0122T+1.3P10,5.454532016901091
STB SC0427 11%P7-2,5.846899247165027
STB SC1126 11%P7-2,1.5579848388421738
STB Sb0122T+1.3P10,0.0
STB0225 6.5%AP16,11.357071439173986
STB0320 T+0.70%P10,0.0
STB0325 5.30%P15,-13.414803493556004
STB0524 T+1.5%AP16,0.7415451377573845
STB0528T+1.75%AP20,3.1950529990626677
STB0533 T+2.0%AP25,-0.3027522460605141
STBSC1126T+2.8P7-2,-10.416791202299528
STE TUN. DU SUCRE,-0.002568860271106921
STEQ,0.43817666778834474
STEQ DA2/5(8/4/02),-3.773178356999916E-4
STIP,0.13550958601431118
STIP DA1/10 0703,8.855778197787781E-4
STIP Da1/10 0703,0.013777146060161616
STPIL DA1/10 0703,0.045168652089701444
STPIL DA1/17 20614,-0.05769142810197936
STPIL DA1/20 02712,0.06366721202544101
STPIL DA1/25301208,-0.06375555253827017
STPIL DA1/33 01713,0.02540512233273129
STPIL DA1/39 01716,-0.009056557191187808
STPIL Da1/10 0703,0.014127210420622927
STPIL Da1/20 02712,0.0010474310543315823
STPIL Da1/25301208,0.0026866724580374424
STPIL Da1/33 01713,-0.01886200695608986
STPILDA0807 1/10,-0.16427718804539326
STPILDA1/39 290618,-0.016391713096269356
STPILDA1/56 300617,-0.01797368626607085
STPL DA1/32 180615,0.018238160791587243
STV DA 1/25 010700,-0.09991112678611032
STV DA 3/40 200715,-0.011199466754319598
STV DA10/31 160712,-0.1785956224247427
STV DA2/11 280722,0.09006293438615431
STV DA2/23 4122017,-0.04642532018027279
STV Da 1/25 010700,-0.20686406060468854
STV Da10/31 160712,-0.19930833493869127
STV NG J 01012023,-0.037090072104476235
STV02 3/10 010102,0.6103099783675461
TAIR DA 1/5 010908,-0.006503398136170652
TAIR DA1/10 010799,1.5918681862320955E-4
TAIR DA1/10 030700,-0.0023882075071785212
TAIR DA1/11 170709,-0.0022037999376914915
TAIR DA1/22 310806,4.3363553622854586E-4
TAIR Da 1/5 010908,0.0025408891376242637
TAIR Da1/10 010799,-9.493374727745918E-4
TAIR Da1/10 030700,0.0016504234729948636
TAIR Da1/11 170709,5.272243438996654E-4
TAIR Da1/22 310806,1.5708054615620748E-5
TAWASOL GP HOLDING,0.024815133490498797
TELNET HOLDING,0.12379192392327987
TF 0120 7.6% AP5,-1.0
TF 0120 T+2.5% AP5,-1.0
TJARI -  DA39,0.10055293240170338
TJARI -  Da39,-0.01259140733917219
TJARI - (DA),-0.09368372599373231
TJARI - (Da),0.07919658660516271
TJARI NS J01012024,-1.0
TJARI SA0522 7.4P5,7.196348078040749
TJARIDA1/40 250518,-0.06656439097277234
TJARISA0522T+1.9P5,6.101567992662531
TJARISB05247.5P7-2,-2.300248679397498
TJL A 0624 11% AP5,-6.684998107382555
TJL B0624T+2.75%P5,-0.8992591411051407
TJL DA 3/17 210717,0.10754936005152027
TJL S1125 10.25%P5,2.3416832533816745
TJLS A0623 8.2%AP5,0.9901365465526553
TJLSB0623T+2.3%AP5,-3.3211623093875318
TJLSB1221 7.75P7-2,7.180472274054509
TJLSC0625 8.35P7-2,0.5607584267455792
TL A 0421 7.5% AP5,8.507772095046114
TL A 0523 7.95%AP5,2.677669639561394
TL A 0624 11.4%AP5,-0.4784406880657457
TL A0321 7.5% AP5,-2.783916189305934
TL A0520 7.65% AP5,0.0
TL A0520T+2.3%AP5,0.0
TL A0523 T+2.3%AP5,0.47590187343489276
TL A0624 T+2.7%AP5,-12.590933816121797
TL B0120 6.4P7-2,-1.0
TL B0525 8.2% P7-2,-8.845389301131043
TL B0626 11.7%P7-2,6.133843347661681
TL B1221 7.8% P7-2,2.9692137167188974
TL DA2/43 02022015,-0.009709691808453269
TL DA3/83 10022014,0.004971644803225594
TL SA0322 7.6% AP5,1.1864929848186776
TLB 10207.25% P7-2,-1.4350969350367696E-5
TLB0323 7.75% P7-2,-6.344598975985164
TLB0421 7.35% P7-2,-8.248956065876445
TLB0423 7.75% P7-2,8.43479264436796
TLB0522 7.85% P7-2,2.0898343867403497
TLF SA1026 9.8%AP5,-1.0
TLFA0426 9.70%AP5,-0.0690088193874061
TLFSA 0124 10.6%P5,5.54808278785724
TLFSA 0124T+2.7%P5,8.249494231755584
TLFSB 0126 11%P7-2,-3.1287976703761586
TLFSB 0126T+3%P7-2,5.464480985701428
TLN DA 1/10 010719,-0.059694371809930535
TLS 0525 11.6% AP5,0.0
TLS A0223 7.95%AP5,3.0066938972956265
TLS A0620 7.7%AP5,0.0
TLS A0622 7.55%AP5,-0.6573444030819289
TLS A0622 T+2.35P5,-7.384416876243648
TLS B0221 7.6%P7-2,7.006720872154956
TLS B0622 7.9%P7-2,6.685448547101515
TLS B0624 7.8%P7-2,0.9810386986284669
TLS DA 1/4,-0.11607285655966226
TLS DA 1/5(021202),-0.054636174305399576
TLS DA 1/56 030308,0.0014082285464268873
TLS DA 1/57 020309,0.0073851253658405724
TLS DA 1/6(181203),0.2883824426799009
TLS DA 1/68 301209,-0.004251471567358819
TLS DA 1/69 010210,-0.014021146717254782
TLS DA 1/7(061204),-0.009916334001477178
TLS DA 3/80 010213,0.013558183669284934
TLS DA1/23 010719,0.03935587557497211
TLS DA1/55(010307),0.04626617465809346
TLS Da 1/4,-0.03473045346183756
TLS Da 1/5(021202),-0.019710032983331516
TLS Da 1/56 030308,-5.291274817472158E-4
TLS Da 1/57 020309,-0.0019309538120174663
TLS Da 1/6(181203),-0.0038073462577186135
TLS Da 1/68 301209,-1.603754827454451E-4
TLS Da 1/69 010210,-0.0011837598654947934
TLS Da 1/7(061204),-0.0021612098471353036
TLS Da 3/80 010213,0.00859957407141465
TLS Da1/55(010307),-0.0018172118927182734
TLSB0225 8.20%P7-2,-7.962779980659619
TLSB0324 7.85%P7-2,-4.860463815908773
TPR,-0.01573871989143516
TPR  DA 1/9 260716,0.017961698824423555
TPR DA 1/21 250612,0.020143893171700553
TPR DA 1/36 250510,-0.01578870618128851
TPR DA 1/44 250613,-0.01691845836845427
TPR DA 1/8 200509,0.03961335528721388
TPR DA 5/37 150611,-0.007231741295419869
TPR Da 1/21 250612,-0.0038913554698564723
TPR Da 1/36 250510,-0.0010288807513260945
TPR Da 1/44 250613,-0.006314160507526229
TPR Da 1/8 200509,0.018257084716316596
TPR Da 5/37 150611,0.010179536916956944
TUN. LEAS. (DA 10),0.04338472140672123
TUN. LEAS. (Da 10),0.021801329271678105
TUNINVEST-SICAR,0.18271367494897284
TUNIS RE,-0.13493322488133686
TUNISAIR,0.001415274693233659
TUNISAIR - DA 01,0.08031238230572157
TUNISAIR - DA 04,-0.004175677939874764
TUNISAIR - Da 01,0.014308410092865431
TUNISAIR - Da 04,0.0012868836204010525
TUNISAIR DA 1/10,0.0011303684786885398
TUNISAIR Da 1/10,-9.965747693068683E-4
TUNISIE LEASING F,0.2582171803750235
TUNISIE VALEURS,1.595861629400229
UADH,-0.06734576995224872
UBCI,-0.13323783789610388
UBCI 0520 6.8%P7-2,-0.4960817147128902
UBCI DA 1/2 150710,-1.6458893379243897
UBCI DA 1/6 010900,0.1839302164109986
UBCI DA 3/7 010704,-0.8247069967197325
UBCI DA8/33 141013,-0.30147685831097304
UBCI Da 1/2 150710,0.0904899331853688
UBCI Da 1/6 010900,0.07964308943813947
UBCI Da 3/7 010704,0.16197261103853222
UBCI Da8/33 141013,-0.12324963448039661
UBS A0122 7.4% AP5,14.370621977877903
UBS A0620 7.4% AP5,0.0
UBSA0620T+1.95%AP5,0.0
UBSB0124 7.5%AP7-2,8.571990215928565
UBSB0622 7.5%AP7-2,3.468184445643402
UIB,-0.13677865912346832
UIB0120 6.30% AP7,-1.0
UIB0123 6.40% AP10,12.686472351798486
UIB0133 6.70% AP20,-5.187669312605685
UIB0724 5.5%AP15,3.226401225755531
UIB0729 5.85%AP20,12.816336033065951
UIB0821 T+1%P10,-0.80497843410744
UIB0831 6.3%P20,1.467799078527726
UMD DA11/117 40817,0.006846355541465732
UMED D76/509 26716,-0.13447201364864925
UNIFAA1123 9.25%P5,0.40018137531403397
UNIFAB1123T+2.5%P5,-2.5701869178807613
UNIFAC02217.45% P5,-2.2079531082457855
UNIFAC0221T+2.5%P5,2.475492659860297
UNIMED,0.014357728424550409
WIB IB0624 10.5%P5,7.357616906843383
WIB ID 0626 11%P7,-1.897492333425987
WIBIA0624 10.25%P5,-5.40469502414274
WIBIC0626 10.75%P7,-7.269514992463314
WIFACK INT BANK,0.5783719450578646
WIFAK DA1/2 121015,0.010855219041839392