"AB SB0226 9	60.0
ABC B0725 8",50.0
"ABC B0725T+2	60.0
ABCB0627 11",50.0
"ABCC0725T+2	50.0
ABSC0228 9",42.857142857142854
"ATL A1224 11	0
ATL C0725 8",50.0
"ATL S1024 7	0
BTA 5",50.0
"BTA 6	90.99397853215814
BTA 7",50.0
"BTEA0125 T+2	50.0
BTEB0127 11",50.0
"BTEB0127T+3	42.857142857142854
CIL 0124 T+2",-1.0
"CIL 0625 10	0
E NAT 2021 8",50.0
"ENAT2 2021 8	0
ENAT2021 8",50.0
"ENAT22021 8	50.0
ENAT3 2021 8",44.35096153846153
"ENAT32021 8	52.37662730850742
ENAT32021 T+2",50.0
"ENT32021T+2	50.33984937875534
HL A0224 11",100.0
"HL B0126 10	50.0
HL B1125 10",44.44444444444444
"HL S A0523 8	0
HLA0126 10",42.857142857142854
"HLA1125 10	59.892194050708724
HLB0228 10",40.0
"MLSB0425 8	60.0
SER R 1224 11",0
"SER R 1224T+4	0
STB SA0425 10",50.0
"STB SA1124 10	0
STBSD1126 11",50.0
"STBSE0425 11	42.857142857142854
STBSE1124 11",50.0
"TJL B0624T+2	0
TLS 0525 11",50.0
"TLS S0126 10	57.142857142857146
TLSB0324 7",0
AB DA 1/10 110613,39.671682626538995
AB DA 1/27,50.0
AB DA 1/7 12102023,60.633484162895925
AB DA 26 3/37,50.0
AB DA 29 3/40,40.012928248222366
AB DA 3/37 281209,44.45849136114623
AB DA 34 2/59,57.189542483660134
AB DA1/24 01082016,52.51479289940828
AB DA1/25 300617,58.18181818181818
AB Da 1/10 110613,42.344706911636045
AB Da 1/27,52.534562211981566
AB Da 26 3/37,51.01070154577883
AB Da 29 3/40,44.978165938864635
AB Da 3/37 281209,58.553791887125215
AB Da 34 2/59,49.800000000000004
AB SA0226 9% AP5PP,0
AB SA0422 7.4%AP5,50.0
AB SA0428T+2.7P7-2,0
AB SA1121 7.4% AP5,50.0
AB SB0431T+2.8AP10,0
AB SC0424 7.7%INF7,40.0
AB0523 6.5%AP15,42.857142857142854
AB0528 7.0%AP20,50.0
AB0825 T+0.85%AP15,50.0
ABC A0625 11%AP5,49.89853996535511
ABC A0723 8.2%AP5,50.0
ABC A0723 T+2.2%AP,57.14285714285714
ABC B0725 8.4%P7-2,0
ABC B0725T+2.4P7-2,0
ABDA 1/14 11122007,50.0
ABS A02207.35%AP5,0
ABSA0220T+1.9%AP5,0
ABSB02227.45%AP7-2,50.0
ABSB0424 7.55AP7-2,50.0
ABSB0921 6.1%P10,50.0
ABSB0921 T+1%P10,60.0
ABSB0924 5.45%P15,50.0
ABSB0924 T+0.85P15,50.0
ABSB1123 7.5%AP7-2,50.0
ABSUB0922 6.25%P10,42.857142857142854
ABSUB0922T+1.3%P10,50.0
ABSb0921 6.1%P10,0
ABSb0921 T+1%P10,0
ABsb0924 5.45%P15,0
ABsb0924 T+0.85P15,0
ABsub0922 6.25%P10,0
ABsub0922T+1.3%P10,0
ADW DA 1/15 310717,49.44237918215613
ADW DA 1/22 310718,49.350649350649356
ADWA DA1/12 311215,56.81818181818182
ADWYA,52.52897787144363
ADWYA DA 1/10 2007,55.56930693069307
ADWYA DA 1/5 90812,54.32950191570881
ADWYA DA1/5 040814,50.0
ADWYA DA1/8 071116,57.382550335570464
ADWYA Da 1/5 90812,47.794117647058826
AETECH,52.02952029520294
AIL 0820 7.65% AP5,0
AIL0820T+2.25% AP5,0
AIL0822 7.85% P7-2,42.857142857142854
AIR LIQ DA1/4 0999,50.0
AIR LIQ DA1/6 0601,50.0
AIR LIQ DA1/8 0903,57.34284930002746
AIR LIQ Da1/4 0999,45.3514739229025
AIR LIQ Da1/6 0601,54.39391194056894
AIR LIQ Da1/8 0903,55.14089870525513
AIR LIQUDE TSIE,50.0
AIR LIQUIDE TSIE,40.44855178631805
AL DA 1/11 030908,50.0
AL DA 1/12 030909,50.0
AL Da 1/11 030908,43.99999999999999
AL Da 1/12 030909,54.11922304085732
ALK DA 1/10 240603,59.718670076726326
ALK Da 1/10 240603,55.13698630136986
ALKIM DA,58.976157082748955
ALKIM DA 04,59.22253074176914
ALKIM Da,44.09282700421941
ALKIM Da 04,56.30769230769231
ALKIMIA,48.161764705882355
ALQ DA 1/11 020913,59.57010022944088
ALQ DA 1/11 050911,50.0
ALQ DA 1/11 060910,41.816454192731015
ALQ DA 1/12  0907,50.0
ALQ DA 1/12 150914,50.12147459596494
ALQ DA 1/15 030912,57.218683651804675
ALQ DA 1/16 160919,50.24582104228122
ALQ DA 1/25 070915,50.232812927964936
ALQ DA 1/28 050916,63.96825396825397
ALQ DA 1/30 161018,49.63826366559485
ALQ DA 1/31 250917,49.39715016441358
ALQ DA 1/45 201120,49.526813880126184
ALQ DA1/10 7/09/04,62.4116947611387
ALQ DA1/12 070906,50.0
ALQ DA1/6 (160902),42.714183169361995
ALQ Da 1/11 020913,49.78038067349926
ALQ Da 1/11 050911,45.68574023614896
ALQ Da 1/11 060910,46.67666166916542
ALQ Da 1/12  0907,45.25252525252525
ALQ Da 1/15 030912,45.78997161778619
ALQ Da1/10 7/09/04,53.11967269007842
ALQ Da1/12 070906,48.82352941176471
ALQ Da1/6 (160902),55.4547104737702
ALQDA1/12 06/09/05,66.39690783911101
ALQDa1/12 06/09/05,55.952794168691426
AMEN BANK,59.56436749511309
AMI DA 1/4 110817,64.56953642384106
AMI DA27/35 241120,51.30434782608696
AMI DS77/68 220921,-1.0
AMI NG J 01012020,50.0
AMS,53.21969696969696
AMS DA 1/10 010798,47.826086956521735
AMS DA 1/26 0803,41.66666666666667
AMS DA 1/40 010799,52.94117647058823
AMS DA 1/5 030413,50.0
AMS DA 1/50,43.47826086956522
AMS DA 1/51 150702,43.75
AMS DA 1/9 090804,51.24999999999999
AMS Da 1/10 010798,37.5
AMS Da 1/26 0803,50.0
AMS Da 1/40 010799,66.66666666666666
AMS Da 1/5 030413,46.875
AMS Da 1/50,55.55555555555556
AMS Da 1/51 150702,39.99999999999999
AMS Da 1/9 090804,58.97435897435897
ARTES,55.16772438803264
ARTES DA1/4 230712,0
ARTES DA1/5 040313,50.0
ARTES Da1/4 230712,58.77551020408163
ARTES Da1/5 040313,45.454545454545446
ASS DA 1/10 020610,51.438848920863315
ASS DA 1/22 200611,43.0232558139535
ASS DA 1/23 010812,43.03030303030303
ASS Da 1/10 020610,50.0
ASS Da 1/22 200611,40.74074074074074
ASS Da 1/23 010812,64.44444444444444
ASS MULTI ITTIHAD,51.1820330969267
ASSAD,57.19745222929936
ASSAD DA1/4 150609,0.0
ASSAD Da1/4 150609,47.39583333333333
ASSDA1/9(01/07/05),56.79214402618658
ASSDa1/9(01/07/05),48.85057471264368
ASSU MAGHREBIA VIE,38.46153846153846
ASSUR MAGHREBIA,41.76426613506105
AST DA 1/2 140817,49.91499489969398
ASTREE,50.0
ATB,44.50704225352113
ATB DA 1/10 151208,50.0
ATB DA 1/16 161210,50.0
ATB Da 1/10 151208,50.0
ATB Da 1/16 161210,57.14285714285714
ATB0523T+1.25%AP16,50.0
ATB0524 5.7%P15-5,44.44444444444444
ATB0527T+1.75%AP20,40.0
ATB0529 5.9%P20-5,44.44444444444444
ATB0532T+2.0%AP25,50.0
ATBDA1/7 09/11/05,57.25190839694657
ATBSA325T+2.05P7-2,50.0
ATBSB0328T+2.1AP10,50.0
ATELIER MEUBLE INT,46.38989169675091
ATL,52.33415233415233
ATL 0720 7.65% AP5,0
ATL 0720 T+2.3%AP5,0
ATL 0722 7.85%P7-2,42.857142857142854
ATL 1120 7.2% P7-2,0
ATL A0220 7.6% AP5,0
ATL A0221 7.5% AP5,50.0
ATL A0322 7.55%AP5,55.54418894275675
ATL A0323 7.65%AP5,50.0
ATL A0621 7.5% AP5,50.0
ATL A0723 8.3% AP5,35.34638125652134
ATL A1025 10.30%P5,0
ATL A1224 11.6%AP5,61.92982456140349
ATL B0723T+2.2%AP5,42.93880769339078
ATL C02227.8% P7-2,57.142857142857146
ATL C0725 8.5%P7-2,0
ATL DA 1/5 290808,50.0
ATL DA 2/17 261112,43.127962085308056
ATL Da 1/5 290808,46.90265486725664
ATL Da 2/17 261112,46.41148325358852
ATL NS J 01072019,50.0
ATL S1024 7.9%P7-2,50.0
ATL0420 6.8P7-2,0
ATL0420 T+1.9P7-2,0
ATL1120 T+1.9%P7-2,0
ATLB0221T+2.35%AP5,50.0
ATLB0322T+2.35%AP5,66.66666666666666
ATLB0323T+2.35%AP5,50.0
ATLC0223 7.75%P7-2,50.0
ATLC0324 7.8%AP7-2,40.0
ATLC0325 7.95%P7-2,50.0
ATLC0521 7.35%P7-2,50.0
ATLC0623 7.75%P7-2,42.857142857142854
ATTIJARI BANK,46.9622948766128
ATTIJARI LEASING,53.14912637139374
ATTIJARI LS ROMPU,48.060633080695496
Autres Lignes,0
BEST LEASE,52.12298682284041
BH,49.17355371900826
BH 0620 6.8% AP7,0
BH 0620 T+1.8% AP7,0
BH ASSURANCE,50.48763361160958
BH BANK,52.11097708082027
BH DA 1/20 150999,50.0
BH DA 1/3 270715,50.0
BH DA 1/5 171117,40.33935413245758
BH DA1/25 14022000,57.40072202166065
BH Da 1/20 150999,50.91463414634147
BH Da1/25 14022000,50.23923444976077
BH LEASING,55.09964830011724
BH SA0324 10% AP5,60.0
BH SA0324 T+2.1AP5,50.0
BH SC0326 10.3P7-2,50.0
BH SC0326T+2.6P7-2,50.0
BH SC1028 9.1%P7-2,0
BH1224 5.3%P15-2,44.57142857142856
BH1224 T+0.8%P15-2,50.0
BHDA 1/15 28052007,41.6582406471183
BHS A0423 7.7% AP5,42.857142857142854
BHS A0423 T+2% AP5,57.142857142857146
BHS A0520 7.4%,0
BHS A0521 7.4%AP5,57.142857142857146
BHS C0425 8% INF 7,50.0
BHSA0520T+1.95%AP5,0
BHSA0521T+1.95%AP5,50.0
BHSA1026T+2.55P5-1,50.0
BHSB0324 10.2%INF5,60.0
BHSB0324T+2.3%INF5,50.0
BHSB0425 7.85%P7-2,42.857142857142854
BHSB0425T+2.1%P7-2,50.0
BHSB0522 7.5%AP7-2,50.0
BHSB0523 7.5%AP7-2,50.0
BHSB1026T+2.7%INF5,0
BHSD1028T+2.9%P7-2,0
BIAT,50.02836396641707
BIAT DA1/20 290620,48.36888331242158
BIAT DA32 4/60,55.767301905717154
BIAT DA36 1/24,42.71457085828343
BIAT Da32 4/60,55.93719332679097
BIAT Da36 1/24,55.12958963282937
BNA,50.212615166548545
BNA DA 1/10 040509,50.0
BNA DA 1/10 200618,38.39779005524862
BNA DA 1/55 150419,50.0
BNA Da 1/10 040509,58.33333333333334
BNA SA0522 7.4%AP5,42.857142857142854
BNA0424 5.4%AP15,50.0
BNASA0823 8.25%AP5,50.0
BNASA0823 T+2% AP5,50.0
BNASB0524 7.55P7-2,50.0
BNASB0825 8.5%P7-2,57.142857142857146
BNASB825T+2.25P7-2,40.0
BQ DE TSIE - DA,44.133208839091196
BQ DE TSIE - Da,53.33333333333334
BQ HABITAT (DA),43.89233954451346
BQ HABITAT (Da),52.0
BT,38.1957773512476
BT DA 1/2 10/06/09,57.00510493477028
BT DA 1/2 23052006,50.0
BT DA 1/3 280613,50.0
BT DA 1/4 04052018,54.788418708240535
BT DA 1/5 03062016,39.08872901678657
BT DA 1/5 10052022,82.41206030150752
BT DA 3/10 170599,43.088747448060516
BT Da 1/2 10/06/09,50.9683995922528
BT Da 1/2 23052006,61.6729088639201
BT Da 1/3 280613,39.59183673469388
BTA 6% AVRIL 2023,50.0
BTA 6% AVRIL 2024,50.0
BTA 6% Avril 2023,0
BTA 6% FEV  2022,60.0
BTA 6% Fev  2022,50.0
BTA 6% JANV  2024,50.0
BTA 6% JUIN  2021,50.0
BTA 6% JUIN  2023,44.444444444444436
BTA 6% Janv  2024,0
BTA 6% Juin  2023,0
BTA 6% OCT  2023,50.0
BTA 6% Oct  2023,0
BTA 6% avril 2024,0
BTA 6.3% MARS 2026,50.0
BTA 6.3% Mars 2026,0
BTA 6.3% OCT 2026,50.0
BTA 6.3% Oct 2026,0
BTA 6.9 % 09052022,44.44444444444444
BTA 7% JUIL  2028,50.0
BTA 7% Juil  2028,0
BTA 7% Nov 2023,0
BTA 8% MARS 2033,0
BTA 8% Mars 2033,0
BTA 8% NOV 2030,50.0
BTA 8% Nov 2025,0
BTA 8% Nov 2030,0
BTA6.7% AVRIL 2028,60.0
BTA6.7% Avril 2028,0
BTDA1/7(3/12/01),49.99999999999999
BTDa1/7(3/12/01),62.057877813504824
BTE (ADP),51.791229153798646
BTE A0122 7.4% AP5,50.0
BTE A0125 11% AP5,57.14285714285714
BTE0232 6.25%P20,40.0
BTE0920 5.2%AP10,0
BTE0920 T+0.7%AP10,0
BTE0930 5.85%AP20,40.0
BTEA0122 T+2.5%AP5,50.0
BTEA0125 T+2.75%P5,0
BTEB0124 7.55%P7-2,40.0
BTK0220 T+0.7%P10,0
BTK0225 T+0.8%P15,50.0
BTK0230 5.85%P20,50.0
BTKSB12217.45%P7-2,57.142857142857146
Bt Da 3/10 170599,57.616892911010574
CARTHAGE CEMENT,51.47579693034238
CC DA 1/52 201210,50.0
CC DS 13/10 170120,50.0
CC Da 1/52 201210,66.66666666666666
CELLCOM,52.00609446419502
CEREALIS,45.67853705486044
CIL,63.55296080066722
CIL 0120 7.6% AP5,0
CIL 0124 10.6% AP5,50.0
CIL 0124 T+2.5% P5,42.857142857142854
CIL 0222 7.50% AP5,97.55936051461546
CIL 0323 7.95% AP5,42.803884168545174
CIL 0521 7.5% AP5,55.51763367463027
CIL 0620 7.65% AP5,0
CIL 0620 T+2% AP5,0
CIL 0622 7.60% AP5,42.86224125624554
CIL 0625 10.5% AP5,0
CIL 1020 7.65% AP5,0
CIL 1020 T+2% AP5,0
CIL 1220 7.25%P7-2,0
CIL DA 1/3 110610,35.452660677263296
CIL DA 1/4 030611,39.77570093457945
CIL DA 1/5 301208,50.0
CIL DA 2007 1/4,44.087156843923985
CIL DA2/5 15052023,54.629629629629626
CIL Da 1/3 110610,53.21146245059289
CIL Da 1/4 030611,50.0
CIL Da 1/5 301208,59.096313912009514
CIMENTS DE BIZERTE,48.02325581395349
CITY CARS,49.84678243105209
CITY DA1/3 230919,57.9984544049459
DA TPR 11/149 2006,50.0
DELICE HOLDING,48.459715639810426
Da TPR 11/149 2006,57.74647887323943
E NAT 6.15% 2014 B,60.0
E NAT 6.35% 2014 C,50.0
E NAT HASSN 2014 B,55.55555555555556
E NAT HASSN 2014 C,40.0
ECYC DA1/10 010719,44.08602150537635
ECYC DA1/10 040822,51.17085862966175
ECYCL DA1/2 010616,50.554292211483784
ELBENE INDUSTRIE,0
ELECTROSTAR,56.45756457564575
ELECTROSTAR DA 1/6,50.495049504950494
ELECTROSTAR Da 1/6,45.16129032258065
ENAT2 HASSAN21 APP,0
ENAT3 HASSAN2021 B,0
ENAT3 HASSAN2021 C,0
ENAT3 HASSAN21 APP,0
ENNAKL AUTOMOBILES,53.77833753148614
ESSOUKNA,46.90594059405941
EURO-CYCLES,52.43466299862448
GIF DA 1/10 2008,51.66666666666667
GIF DA 1/11 160209,50.0
GIF DA 1/4 200711,53.33333333333333
GIF DA 1/5 101212,44.14414414414414
GIF DA27/1000 8713,40.0
GIF DA4/237 270415,55.55555555555556
GIF DA5/429 310715,50.0
GIF Da 1/11 160209,58.33333333333333
GIF Da 1/4 200711,36.95652173913044
GIF Da 1/5 101212,49.999999999999986
GIF Da27/1000 8713,66.66666666666666
GIF-FILTER,52.32558139534884
HANNIBAL LEASE,52.47652962123664
HEXABYTE,55.40753473714367
HL 0621 7.65% AP5,50.0
HL 1121 7.65% AP5,57.142857142857146
HL 1121 T+2.35%AP5,42.857142857142854
HL 1123 7.85% P7-2,54.54793523740222
HL A 0226 10% AP5,50.0
HL A0123 8% AP5,0.0
HL A0123 T+2.4%AP5,50.0
HL A0222 7.65% AP5,50.0
HL A0224 11.15%AP5,50.0
HL A0224 T+3.5%AP5,50.048780487804876
HL A0321 7.65% AP5,57.142857142857146
HL A0420 7.7% AP5,0
HL A0722 7.65% AP5,44.47151927032102
HL B0125 8.25%P7-2,50.0
HL B02217.35% P7-2,50.0
HL B0224 7.85%P7-2,57.142857142857146
HL B0226 11.5%P7-2,50.0
HL B0323 7.85%P7-2,50.0
HL B0422 7.85%P7-2,50.0
HL B0724 7.85%P7-2,50.0
HL B1021 7.8% P7-2,40.0
HL DA 1/10 180817,49.282296650717704
HL DA37/100 090720,45.76116681859617
HL S A0523 8.3%AP5,50.0
HL S A0523T+2.1%P5,50.0
HL SB0525 8.5%P7-2,57.142857142857146
HLA0222T+2.35%AP5,42.857142857142854
HLA0321T+2.35%AP5,44.44444444444444
HLS 1120 7.72% AP5,0
HLS1122 7.92%P7-2,50.0
ICF,44.53154980538348
JBS 1020 7.4% AP5,0
JBS1022 7.5% P7-2,57.142857142857146
JBS1022T+2.1% P7-2,44.44444444444444
JL A0322 7.65% AP5,50.0
JL A0420 7.6% AP5,0
JL A0721 7.5% AP5,42.857142857142854
JL A1220 7.7% AP5,0
JL A1222 7.75% AP5,55.554935737236704
JL B0422 7.8% P7-2,50.0
JL B0723 7.75%P7-2,42.857142857142854
JL C0324 7.85%P7-2,42.857142857142854
JL C0420T+2.3% AP5,0
JL C1224 7.9% P7-2,60.0
JLB1222T+2.35% AP5,57.142857142857146
JLC 1120 7.1% P7-2,0
JLC0621 7.35% P7-2,50.0
LAND OR,56.214149139579355
LNDOR DA1/32 80617,47.43589743589743
MAG DS 5/11 150523,40.101522842639596
MAG GEN DA 1/2,50.0
MAG GEN Da 1/2,40.18640350877193
MAG NS J 01012023,0
MAGASIN GENERAL,44.98906705539358
MAGHREB INTERN PUB,53.9568345323741
MGR DA 1/10 201217,45.87813620071685
MGR DA1/3 050710,50.0
MGR Da1/3 050710,70.07575757575756
ML DA 1/4 250515,51.23152709359607
ML S A 0423 8% AP5,50.0
ML SA0423 T+2.3%P5,50.0
ML0220 6.50% AP7-2,0
MLSB0425 8.25%P7-2,0
MNP DA 1/2 100611,50.0
MNP DA 1/5 040612,49.55537590945836
MNP DA 1/5 160615,51.488833746898266
MNP DS 7/26 040523,57.89473684210526
MNP Da 1/2 100611,46.54471544715447
MNP Da 1/5 040612,46.08150470219436
MNP Da 1/5 160615,60.588235294117645
MNP NS J 01012023,0
MODERN LEASING,49.849548645937816
MONOPRIX,44.12864622288706
MONOPRIX DA,49.383983572895275
MONOPRIX Da,50.62761506276151
MPBS,50.0
MPBS DA1/10 070717,46.68674698795181
MPBS DA1/10 100719,57.09969788519637
MPBS DA1/17 100820,48.68421052631579
MPBS DA1/20 050718,46.60194174757281
MXA 0623 7.85%P7-2,42.857142857142854
MXB 0623 7.85%P7-2,50.0
MXC 0623 7.85%P7-2,50.0
MXD 0623 7.85%P7-2,60.0
NBL DA 1/10 280717,58.101851851851855
NBL DA1/45 161213,50.0
NBL Da1/45 161213,29.99999999999997
NEW BODY LINE,50.46220772158782
OFFICEPLAST,71.32867132867133
ONE TECH HOLDING,52.52667040988208
OTH DA1/2 181121,48.451730418943534
PGH DA 2/25 230611,41.01010101010102
PGH Da 2/25 230611,45.45454545454546
PLA DA3/100 231020,57.14285714285715
PLA DA7/103 190721,42.857142857142854
PLA NG J 01012021,55.55555555555556
PLA NG j 01012021,52.89256198347106
PLAC. TSIE-SICAF,37.208313077297035
PLAST DA1/4 161216,26.08695652173914
PLAST DA1/5 190722,50.0
PLAST NS J01012020,0
POULINA GP HOLDING,55.33596837944664
SAH,43.02143230527966
SAH DA 1/14 010818,64.43148688046647
SAH DA 1/14 131217,31.83856502242152
SAH DA 1/14 250117,56.94227769110765
SAH DA 1/17 070717,50.75471698113207
SAH DA 1/18 031218,37.01067615658363
SAH DA 1/20 050914,38.56041131105398
SAH DA 1/35 010823,50.0
SAH DA 1/5 230615,49.97074312463429
SAH DA 1/7 050814,49.81522542498152
SAH DA1/4 22082022,48.92966360856269
SAH Da 1/5 230615,51.71717171717172
SAM DA 1/10 280717,50.0
SAM DA 1/5 300920,52.9891304347826
SANIMED,60.20892687559354
SER R 1224 11.6%P5,0
SER R 1224T+4.6%P5,0
SERVICOM,49.88434849653045
SFBT,48.90288941994353
SFBT (DA 1/2) 2001,50.07837620578779
SFBT (DA 1/6),59.99398857829877
SFBT (DA 1/7),60.03752345215761
SFBT (Da 1/2) 2001,55.51724137931034
SFBT (Da 1/6),53.42058298631767
SFBT (Da 1/7),56.423919478981645
SFBT DA 1/12 2006,43.10344827586207
SFBT DA 1/4 200720,42.87749287749288
SFBT DA 1/4 300418,50.51903114186851
SFBT DA 1/5 130519,50.03523608174771
SFBT DA 1/6 120515,52.88288288288288
SFBT DA 1/7 040516,50.66699005578462
SFBT DA 1/8 200514,48.936678614097964
SFBT DA1/10 040517,44.12213740458016
SFBT DA1/19 280513,50.0
SFBT DA10/66 03712,55.51937821657389
SFBT DA2007 1/13,51.360225140712934
SFBT DA5/56 120510,40.19432370237791
SFBT DA5/61 300311,49.91252186953262
SFBT Da 1/12 2006,50.99285146942017
SFBT Da1/19 280513,44.61839530332681
SFBT Da10/66 03712,52.36294896030246
SFBT Da5/56 120510,50.307827616534745
SFBT Da5/61 300311,42.34752589182969
SFBTDA1/2(11/4/02),50.0
SFBTDa1/2(11/4/02),40.97438175625648
SIAM DA1/10 160721,46.15384615384615
SIAM DA1/25 280704,50.0
SIAM Da1/25 280704,52.94117647058823
SIAME,48.02744425385935
SIAME DA1/10,57.178841309823675
SIAME DA1/8,50.0
SIAME DA5/11,50.0
SIAME Da1/10,55.8139534883721
SIAME Da1/8,51.92307692307693
SIAME Da5/11,47.88732394366197
SIMPA DA1/6 010708,58.50087839156745
SIMPA DA1/7 010710,50.0
SIMPA DA1/8 020712,50.16258400173423
SIMPA DA2/9 010714,57.048008171603676
SIMPA Da1/6 010708,52.380952380952394
SIMPA Da1/7 010710,50.0
SIMPA Da1/8 020712,67.21991701244812
SIMPAR,42.97698251993884
SIMPAR DA 1/5,50.0
SIMPAR Da 1/5,54.214123006833724
SIPHAT,54.73328324567994
SITEX,49.57575757575758
SITS,51.81347150259067
SITSDA1/9 28/03/07,61.24031007751938
SITSDa1/9 28/03/07,45.714285714285715
SMART DA1/5 070623,55.393053016453386
SMART TUNISIE,53.3427412242018
SOKNA DA1/5 020712,56.38148667601683
SOKNA DA2/5 010714,49.523809523809526
SOKNA Da1/5 020712,61.53846153846153
SOKNA Da2/5 010714,61.08949416342413
SOM DA 1/23 201015,51.85185185185185
SOMC DA1/10 261211,50.0
SOMC DA1/45 211212,45.0
SOMC DA2/35 231213,51.21951219512195
SOMC DA3/37 250814,42.22222222222222
SOMC Da1/10 261211,50.0
SOMC Da1/45 211212,50.0
SOMC Da2/35 231213,50.0
SOMOC DA 1/10 0708,55.223880597014926
SOMOC DA 1/20 2007,50.0
SOMOC DA 1/7 0803,50.0
SOMOC Da 1/10 0708,66.66666666666666
SOMOC Da 1/20 2007,45.454545454545446
SOMOC Da 1/7 0803,61.53846153846154
SOMOCER,52.77777777777777
SOPAT,50.0
SOPAT NS J01012019,43.550624133148396
SOPAT NS j01012019,50.0
SOPATDA1/10 140213,50.0
SOPATDA1/20 010708,49.20634920634921
SOPATDa1/10 140213,50.0
SOPATDa1/20 010708,45.45454545454546
SOT DA 1/10 150704,50.0
SOT DA 1/5  010102,50.0
SOT DA 1/5 010703,49.58402662229617
SOT DA1/22  010906,34.482758620689665
SOT Da 1/10 150704,55.69620253164557
SOT Da 1/5  010102,53.55805243445693
SOT Da 1/5 010703,49.36708860759494
SOT Da1/22  010906,54.83870967741936
SOTEM NS J01012021,50.0
SOTEMAIL,41.35962636222107
SOTETEL,53.87596899224806
SOTETEL DA1/6,40.42553191489362
SOTETEL Da1/6,51.324503311258276
SOTIPAPIER,47.57074212493326
SOTRAPIL,57.731958762886606
SOTUMAG,50.40752351097177
SOTUV DA1/7 180713,56.92175408426484
SOTUV DA3/41 10714,50.1131221719457
SOTUV DA7/32 91020,42.705570291777185
SOTUV Da1/7 180713,55.8759913482336
SOTUV NG J 010121,50.12813941568426
SOTUVER,53.19383259911895
SOTUVER DA 1/24,49.94192799070847
SOTUVER DA 3/34,42.97635605006953
SOTUVER Da 1/24,54.69613259668509
SOTUVER Da 3/34,46.40692640692641
SPDIT - SICAF,41.13156713066906
SPDIT DA 1/24 3512,40.34334763948498
SPDIT Da 1/24 3512,46.15384615384615
STA,48.221970554926386
STAR,49.99999999999999
STB,45.55903866248694
STB SA0425 10.5%P5,0
STB SA1124 10.5%P5,50.0
STB SA1124T+2.3%P5,50.0
STB SB0122T+1.3P10,50.0
STB SC0427 11%P7-2,50.0
STB SC1126 11%P7-2,50.0
STB Sb0122T+1.3P10,0
STB0225 6.5%AP16,44.331065759637184
STB0320 T+0.70%P10,0
STB0325 5.30%P15,56.803455723542115
STB0524 T+1.5%AP16,60.0
STB0528T+1.75%AP20,33.33333333333333
STB0533 T+2.0%AP25,60.0
STBSC1126T+2.8P7-2,40.0
STE TUN. DU SUCRE,48.271694464587874
STEQ,66.66666666666666
STEQ DA2/5(8/4/02),0
STIP,50.0
STIP DA1/10 0703,46.666666666666664
STIP Da1/10 0703,50.000000000000014
STPIL DA1/10 0703,39.713322091062395
STPIL DA1/17 20614,59.80230642504118
STPIL DA1/20 02712,66.44518272425249
STPIL DA1/25301208,43.14720812182741
STPIL DA1/33 01713,50.0
STPIL DA1/39 01716,50.0
STPIL Da1/10 0703,48.44444444444445
STPIL Da1/20 02712,50.0
STPIL Da1/25301208,55.4054054054054
STPIL Da1/33 01713,50.0
STPILDA0807 1/10,50.0
STPILDA1/39 290618,50.48076923076923
STPILDA1/56 300617,45.152354570637115
STPL DA1/32 180615,50.0945179584121
STV DA 1/25 010700,50.0
STV DA 3/40 200715,42.836676217765046
STV DA10/31 160712,50.0
STV DA2/11 280722,50.60240963855422
STV DA2/23 4122017,51.11524163568773
STV Da 1/25 010700,57.142857142857146
STV Da10/31 160712,50.44964028776978
STV NG J 01012023,61.86883343006385
STV02 3/10 010102,56.904973357015976
TAIR DA 1/5 010908,43.47826086956522
TAIR DA1/10 010799,43.24324324324324
TAIR DA1/10 030700,55.4054054054054
TAIR DA1/11 170709,33.33333333333333
TAIR DA1/22 310806,50.0
TAIR Da 1/5 010908,53.57142857142858
TAIR Da1/10 010799,45.45454545454546
TAIR Da1/10 030700,50.0
TAIR Da1/11 170709,50.0
TAIR Da1/22 310806,39.99999999999999
TAWASOL GP HOLDING,42.43421052631579
TELNET HOLDING,52.79329608938547
TF 0120 7.6% AP5,-1.0
TF 0120 T+2.5% AP5,-1.0
TJARI -  DA39,43.6077057793345
TJARI -  Da39,54.970760233918135
TJARI - (DA),42.88524590163934
TJARI - (Da),52.134831460674164
TJARI NS J01012024,-1.0
TJARI SA0522 7.4P5,40.0
TJARIDA1/40 250518,46.03448275862069
TJARISA0522T+1.9P5,42.857142857142854
TJARISB05247.5P7-2,55.55555555555556
TJL A 0624 11% AP5,50.0
TJL B0624T+2.75%P5,50.0
TJL DA 3/17 210717,49.81818181818182
TJL S1125 10.25%P5,50.0
TJLS A0623 8.2%AP5,50.0
TJLSB0623T+2.3%AP5,50.0
TJLSB1221 7.75P7-2,45.45454545454546
TJLSC0625 8.35P7-2,50.0
TL A 0421 7.5% AP5,50.0
TL A 0523 7.95%AP5,57.142857142857146
TL A 0624 11.4%AP5,44.40014255802557
TL A0321 7.5% AP5,50.0
TL A0520 7.65% AP5,0
TL A0520T+2.3%AP5,0
TL A0523 T+2.3%AP5,59.72852433585418
TL A0624 T+2.7%AP5,50.0
TL B0120 6.4P7-2,-1.0
TL B0525 8.2% P7-2,66.66666666666666
TL B0626 11.7%P7-2,59.895895182678224
TL B1221 7.8% P7-2,50.0
TL DA2/43 02022015,49.35897435897436
TL DA3/83 10022014,50.15197568389057
TL SA0322 7.6% AP5,50.0
TLB 10207.25% P7-2,50.0
TLB0323 7.75% P7-2,42.857142857142854
TLB0421 7.35% P7-2,55.55555555555556
TLB0423 7.75% P7-2,50.0
TLB0522 7.85% P7-2,60.0
TLF SA1026 9.8%AP5,0
TLFA0426 9.70%AP5,60.0
TLFSA 0124 10.6%P5,50.0
TLFSA 0124T+2.7%P5,50.0
TLFSB 0126 11%P7-2,42.857142857142854
TLFSB 0126T+3%P7-2,66.66666666666666
TLN DA 1/10 010719,79.86577181208054
TLS 0525 11.6% AP5,0
TLS A0223 7.95%AP5,6.8999819135467675
TLS A0620 7.7%AP5,0
TLS A0622 7.55%AP5,50.071587919954716
TLS A0622 T+2.35P5,57.142857142857146
TLS B0221 7.6%P7-2,33.33333333333333
TLS B0622 7.9%P7-2,33.33333333333333
TLS B0624 7.8%P7-2,50.0
TLS DA 1/4,50.0
TLS DA 1/5(021202),55.377906976744185
TLS DA 1/56 030308,56.015037593984964
TLS DA 1/57 020309,35.71428571428572
TLS DA 1/6(181203),55.22486772486772
TLS DA 1/68 301209,50.0
TLS DA 1/69 010210,50.0
TLS DA 1/7(061204),49.99999999999999
TLS DA 3/80 010213,49.35897435897436
TLS DA1/23 010719,50.72886297376093
TLS DA1/55(010307),35.23809523809524
TLS Da 1/4,57.68645357686454
TLS Da 1/5(021202),50.10706638115632
TLS Da 1/56 030308,52.17391304347826
TLS Da 1/57 020309,62.50000000000001
TLS Da 1/6(181203),55.416666666666664
TLS Da 1/68 301209,52.94117647058823
TLS Da 1/69 010210,41.1764705882353
TLS Da 1/7(061204),50.0
TLS Da 3/80 010213,54.0983606557377
TLS Da1/55(010307),47.826086956521735
TLSB0225 8.20%P7-2,42.857142857142854
TLSB0324 7.85%P7-2,40.0
TPR,58.11965811965811
TPR  DA 1/9 260716,49.80544747081712
TPR DA 1/21 250612,42.713567839195974
TPR DA 1/36 250510,55.55555555555556
TPR DA 1/44 250613,43.01075268817205
TPR DA 1/8 200509,43.333333333333336
TPR DA 5/37 150611,55.19568151147098
TPR Da 1/21 250612,50.0
TPR Da 1/36 250510,44.444444444444436
TPR Da 1/44 250613,50.0
TPR Da 1/8 200509,55.11811023622048
TPR Da 5/37 150611,44.30379746835443
TUN. LEAS. (DA 10),50.696864111498265
TUN. LEAS. (Da 10),54.91329479768786
TUNINVEST-SICAR,52.2194223686761
TUNIS RE,74.73118279569893
TUNISAIR,31.034482758620683
TUNISAIR - DA 01,61.67664670658683
TUNISAIR - DA 04,39.99999999999999
TUNISAIR - Da 01,57.731958762886606
TUNISAIR - Da 04,57.14285714285714
TUNISAIR DA 1/10,57.14285714285714
TUNISAIR Da 1/10,62.5
TUNISIE LEASING F,50.0
TUNISIE VALEURS,49.8625240582898
UADH,50.3921568627451
UBCI,49.24573243350536
UBCI 0520 6.8%P7-2,0
UBCI DA 1/2 150710,44.212721584984365
UBCI DA 1/6 010900,49.48027271711187
UBCI DA 3/7 010704,50.0
UBCI DA8/33 141013,50.17967984318851
UBCI Da 1/2 150710,55.644444444444446
UBCI Da 1/6 010900,38.81401617250674
UBCI Da 3/7 010704,54.19313850063532
UBCI Da8/33 141013,51.70118343195266
UBS A0122 7.4% AP5,57.02005730659026
UBS A0620 7.4% AP5,0
UBSA0620T+1.95%AP5,0
UBSB0124 7.5%AP7-2,50.0
UBSB0622 7.5%AP7-2,44.44444444444444
UIB,49.36708860759494
UIB0120 6.30% AP7,-1.0
UIB0123 6.40% AP10,59.91983967935872
UIB0133 6.70% AP20,57.142857142857146
UIB0724 5.5%AP15,50.0
UIB0729 5.85%AP20,55.55555555555556
UIB0821 T+1%P10,50.0
UIB0831 6.3%P20,50.0
UMD DA11/117 40817,50.68493150684931
UMED D76/509 26716,37.41935483870968
UNIFAA1123 9.25%P5,49.99257094745184
UNIFAB1123T+2.5%P5,42.857142857142854
UNIFAC02217.45% P5,66.66666666666666
UNIFAC0221T+2.5%P5,50.0
UNIMED,46.30903255387436
WIB IB0624 10.5%P5,50.0
WIB ID 0626 11%P7,42.857142857142854
WIBIA0624 10.25%P5,39.958592132505174
WIBIC0626 10.75%P7,50.0
WIFACK INT BANK,51.9455252918288
WIFAK DA1/2 121015,56.973995271867615