AB DA 1/10 110613,-0.46074406424808423
AB DA 1/27,-9.969420848775567
AB DA 1/7 12102023,-0.6527224944276215
AB DA 26 3/37,0
AB DA 29 3/40,-10.086942753337874
AB DA 3/37 281209,-1.550592889581121
AB DA 34 2/59,0
AB DA1/24 01082016,-0.6532005588768802
AB DA1/25 300617,-0.7375211676109031
AB Da 1/10 110613,-1.960065462616374
AB Da 1/27,0
AB Da 26 3/37,0
AB Da 29 3/40,0
AB Da 3/37 281209,-0.8588797059989707
AB Da 34 2/59,-2.5103578715139796
AB SA0226 9% AP5PP,0
AB SA0422 7.4%AP5,0
AB SA1121 7.4% AP5,0
AB SC0424 7.7%INF7,0
AB0523 6.5%AP15,0
AB0528 7.0%AP20,0
AB0825 T+0.85%AP15,0
ABC A0625 11%AP5,0
ABC A0723 8.2%AP5,0
ABC A0723 T+2.2%AP,0
ABC B0725 8.4%P7-2,0
ABC B0725T+2.4P7-2,0
ABDA 1/14 11122007,0
ABSB02227.45%AP7-2,0
ABSB0424 7.55AP7-2,0
ABSB0921 6.1%P10,-4.452677888822148
ABSB0921 T+1%P10,0
ABSB0924 5.45%P15,0
ABSB0924 T+0.85P15,0
ABSB1123 7.5%AP7-2,0
ABSUB0922 6.25%P10,0
ABSUB0922T+1.3%P10,0
ADW DA 1/15 310717,2.4909941530231894
ADW DA 1/22 310718,-0.3846492788735686
ADWA DA1/12 311215,-0.44888262629673326
ADWYA,-1.4860676330687437
ADWYA DA 1/10 2007,-0.14617415685000998
ADWYA DA 1/5 90812,11.445796814012043
ADWYA DA1/5 040814,0.25555692297381516
ADWYA DA1/8 071116,-0.462957781397411
ADWYA Da 1/5 90812,-0.5735833996433605
AETECH,-1.031773978486365
AIL0822 7.85% P7-2,0
AIR LIQ DA1/4 0999,-6.391895539525214
AIR LIQ DA1/6 0601,-5.414586087944141
AIR LIQ DA1/8 0903,-1.653463159711666
AIR LIQ Da1/4 0999,0
AIR LIQ Da1/6 0601,0
AIR LIQ Da1/8 0903,0
AIR LIQUDE TSIE,2.368532840075873
AIR LIQUIDE TSIE,-6.442706343670064
AL DA 1/11 030908,9.516104742003968
AL DA 1/12 030909,0
AL Da 1/11 030908,0
AL Da 1/12 030909,0
ALK DA 1/10 240603,0
ALK Da 1/10 240603,-1.068997767009081
ALKIM DA,0
ALKIM DA 04,-2.061377062938538
ALKIM Da,0
ALKIM Da 04,-1.174396864319271
ALKIMIA,-1.9068058295137291
ALQ DA 1/11 020913,4.62852997864902
ALQ DA 1/11 050911,1.6709420683794571
ALQ DA 1/11 060910,0
ALQ DA 1/12  0907,0
ALQ DA 1/12 150914,0.8570234383216931
ALQ DA 1/15 030912,6.3210289198535605
ALQ DA 1/16 160919,1.0906857469357005
ALQ DA 1/25 070915,0.6353547083477139
ALQ DA 1/28 050916,1.411183371718408
ALQ DA 1/30 161018,0.08900184704297195
ALQ DA 1/31 250917,0.1718465833674214
ALQ DA 1/45 201120,0.23112847733430267
ALQ DA1/10 7/09/04,0
ALQ DA1/12 070906,0
ALQ DA1/6 (160902),-0.6829181799674441
ALQ Da 1/11 020913,-0.9475865872484621
ALQ Da 1/11 050911,-1.1764504533862892
ALQ Da 1/11 060910,0
ALQ Da 1/12  0907,0
ALQ Da 1/15 030912,-1.1767708333409772
ALQ Da1/10 7/09/04,0
ALQ Da1/12 070906,0
ALQ Da1/6 (160902),0
ALQDA1/12 06/09/05,0
ALQDa1/12 06/09/05,0
AMEN BANK,-5.145462071823751
AMI DA 1/4 110817,24.781749368995747
AMI DA27/35 241120,-0.3869985049107448
AMI NG J 01012020,0
AMS,-1.0524718530545516
AMS DA 1/10 010798,0
AMS DA 1/26 0803,0
AMS DA 1/40 010799,0
AMS DA 1/5 030413,-0.6324979795276678
AMS DA 1/50,1.6456338619875728
AMS DA 1/51 150702,0
AMS DA 1/9 090804,0
AMS Da 1/10 010798,0
AMS Da 1/26 0803,0
AMS Da 1/40 010799,-1.6159100870769652
AMS Da 1/5 030413,-0.5325667874171637
AMS Da 1/50,-1.179319599722713
AMS Da 1/51 150702,-2.138527847581411
AMS Da 1/9 090804,-0.6797784318408429
ARTES,-0.8843541930150198
ARTES DA1/4 230712,0
ARTES DA1/5 040313,3.195820361551256
ARTES Da1/4 230712,-0.5201845784470709
ARTES Da1/5 040313,-0.49958948543388537
ASS DA 1/10 020610,0
ASS DA 1/22 200611,0
ASS DA 1/23 010812,-1.7356761519771904
ASS Da 1/10 020610,0
ASS Da 1/22 200611,-0.7494031919880424
ASS Da 1/23 010812,-0.5522284549498881
ASS MULTI ITTIHAD,-1.5864094064066139
ASSAD,-2.0627499280254367
ASSAD DA1/4 150609,2.3768771223518232
ASSAD Da1/4 150609,0
ASSDA1/9(01/07/05),-7.968339060774894
ASSDa1/9(01/07/05),0
ASSU MAGHREBIA VIE,-11.56166110084188
ASSUR MAGHREBIA,-2.0548832643276653
AST DA 1/2 140817,-0.19480136747895546
ASTREE,-4.2464564919748895
ATB,-2.831778996262849
ATB DA 1/10 151208,0
ATB DA 1/16 161210,0
ATB Da 1/10 151208,-0.8872834765074332
ATB Da 1/16 161210,-0.6457074898878251
ATB0523T+1.25%AP16,0
ATB0524 5.7%P15-5,0
ATB0527T+1.75%AP20,0
ATB0529 5.9%P20-5,0
ATB0532T+2.0%AP25,0
ATBDA1/7 09/11/05,0
ATBSA325T+2.05P7-2,0
ATBSB0328T+2.1AP10,0
ATELIER MEUBLE INT,-3.0257115334078395
ATL,-2.5956449217918096
ATL 0722 7.85%P7-2,0
ATL A0221 7.5% AP5,0
ATL A0322 7.55%AP5,0
ATL A0323 7.65%AP5,0
ATL A0621 7.5% AP5,0
ATL A0723 8.3% AP5,-2.20136373338091
ATL A1025 10.30%P5,0
ATL A1224 11.6%AP5,-14.5542589475677
ATL B0723T+2.2%AP5,-17.65940442280928
ATL C02227.8% P7-2,0
ATL C0725 8.5%P7-2,0
ATL DA 1/5 290808,-10.887660513554593
ATL DA 2/17 261112,1.0081603977518387
ATL Da 1/5 290808,-0.8799656977456413
ATL Da 2/17 261112,-0.47796226086216465
ATL NS J 01072019,0
ATL S1024 7.9%P7-2,0
ATL0420 6.8P7-2,0
ATLB0221T+2.35%AP5,0
ATLB0322T+2.35%AP5,0
ATLB0323T+2.35%AP5,0
ATLC0223 7.75%P7-2,0
ATLC0324 7.8%AP7-2,0
ATLC0325 7.95%P7-2,0
ATLC0521 7.35%P7-2,0
ATLC0623 7.75%P7-2,0
ATTIJARI BANK,-1.7367033899514033
ATTIJARI LEASING,-1.4536038232939963
ATTIJARI LS ROMPU,0
BEST LEASE,-2.872229582714552
BH,-1.0896225706579143
BH ASSURANCE,-9.721097245405574
BH BANK,-4.765950223266546
BH DA 1/20 150999,0.44480584302090503
BH DA 1/3 270715,5.497061036583056
BH DA 1/5 171117,-0.15448044034646738
BH DA1/25 14022000,0.07836835417042388
BH Da 1/20 150999,0
BH Da1/25 14022000,0
BH LEASING,-0.9298119197527673
BH SA0324 10% AP5,0
BH SA0324 T+2.1AP5,0
BH SC0326 10.3P7-2,0
BH SC0326T+2.6P7-2,0
BH SC1028 9.1%P7-2,0
BH1224 5.3%P15-2,-3.3455370212402604
BH1224 T+0.8%P15-2,0
BHDA 1/15 28052007,-0.2577261448511101
BHS A0423 7.7% AP5,0
BHS A0423 T+2% AP5,0
BHS A0521 7.4%AP5,0
BHS C0425 8% INF 7,0
BHSA0521T+1.95%AP5,0
BHSA1026T+2.55P5-1,0
BHSB0324 10.2%INF5,0
BHSB0324T+2.3%INF5,0
BHSB0425 7.85%P7-2,0
BHSB0425T+2.1%P7-2,0
BHSB0522 7.5%AP7-2,0
BHSB0523 7.5%AP7-2,0
BIAT,-0.8066924971993801
BIAT DA1/20 290620,-0.6640554932881011
BIAT DA32 4/60,-0.35574583812265115
BIAT DA36 1/24,12.113641938634315
BIAT Da32 4/60,-11.49733696572508
BIAT Da36 1/24,-1.0796583687606935
BNA,-1.3814416469934039
BNA DA 1/10 040509,-4.797876304818105
BNA DA 1/10 200618,-0.5232721197987461
BNA DA 1/55 150419,3.6894995096159007
BNA Da 1/10 040509,-0.5760143429275916
BNA SA0522 7.4%AP5,0
BNA0424 5.4%AP15,-3.921398090330261
BNASA0823 8.25%AP5,0
BNASA0823 T+2% AP5,-10.936256741768677
BNASB0524 7.55P7-2,0
BNASB0825 8.5%P7-2,0
BNASB825T+2.25P7-2,0
BQ DE TSIE - DA,-8.161462182650942
BQ DE TSIE - Da,-1.3049833652364697
BQ HABITAT (DA),0.2106725116374417
BQ HABITAT (Da),-4.5997501032079615
BT,-2.593731329330604
BT DA 1/2 10/06/09,3.3715046543283287
BT DA 1/2 23052006,0
BT DA 1/3 280613,1.2724720306518353
BT DA 1/4 04052018,-0.5673257149751644
BT DA 1/5 03062016,0.5385232350853376
BT DA 1/5 10052022,-0.5603003714020484
BT DA 3/10 170599,-5.0478136545181505
BT Da 1/2 10/06/09,-2.784604293953285
BT Da 1/2 23052006,-2.0642794082097056
BT Da 1/3 280613,-0.5577937198140769
BTA 6% AVRIL 2023,0
BTA 6% AVRIL 2024,0
BTA 6% Avril 2023,0
BTA 6% FEV  2022,0
BTA 6% Fev  2022,0
BTA 6% JANV  2024,0
BTA 6% JUIN  2021,0
BTA 6% JUIN  2023,0
BTA 6% OCT  2023,-15.081710271095174
BTA 6.3% MARS 2026,0
BTA 6.3% OCT 2026,0
BTA 6.9 % 09052022,0
BTA 7% JUIL  2028,0
BTA 8% MARS 2033,0
BTA 8% NOV 2030,0
BTA6.7% AVRIL 2028,0
BTDA1/7(3/12/01),-7.942389425843868
BTDa1/7(3/12/01),-3.062200346983227
BTE (ADP),-2.005195817541232
BTE A0122 7.4% AP5,-5.028081080831864
BTE A0125 11% AP5,0
BTE0232 6.25%P20,0
BTE0930 5.85%AP20,0
BTEA0122 T+2.5%AP5,0
BTEA0125 T+2.75%P5,0
BTEB0124 7.55%P7-2,0
BTK0225 T+0.8%P15,0
BTK0230 5.85%P20,0
BTKSB12217.45%P7-2,0
Bt Da 3/10 170599,-2.5781507267773502
CARTHAGE CEMENT,-1.3200879153526635
CC DA 1/52 201210,0
CC DS 13/10 170120,0
CC Da 1/52 201210,-0.5037078940638844
CELLCOM,-2.9028072219634424
CEREALIS,-2.8615801941488943
CIL,-2.7756408004068347
CIL 0124 10.6% AP5,-8.273049919398613
CIL 0124 T+2.5% P5,0
CIL 0222 7.50% AP5,0
CIL 0323 7.95% AP5,0
CIL 0521 7.5% AP5,-5.668486470048405
CIL 0620 7.65% AP5,0
CIL 0622 7.60% AP5,-253.4980786229652
CIL 0625 10.5% AP5,0
CIL 1020 7.65% AP5,0
CIL 1220 7.25%P7-2,0
CIL DA 1/3 110610,0
CIL DA 1/4 030611,2.3757166622666306
CIL DA 1/5 301208,0
CIL DA 2007 1/4,0
CIL DA2/5 15052023,-1.7105184955671193
CIL Da 1/3 110610,-0.748721682858724
CIL Da 1/4 030611,-2.2792674551748306
CIL Da 1/5 301208,-1.1756962525670016
CIMENTS DE BIZERTE,-1.104066696919167
CITY CARS,-0.7843978943194599
CITY DA1/3 230919,3.633800857988209
DA TPR 11/149 2006,-0.178640226714579
DELICE HOLDING,-5.9188907981453225
Da TPR 11/149 2006,-1.1927957269985154
E NAT 6.15% 2014 B,0
E NAT 6.35% 2014 C,-9.821310972041141
E NAT HASSN 2014 B,0
E NAT HASSN 2014 C,0
ECYC DA1/10 010719,0.1432616266530651
ECYC DA1/10 040822,-0.5280022850413677
ECYCL DA1/2 010616,6.17324503440615
ELECTROSTAR,-1.5025617958440487
ELECTROSTAR DA 1/6,11.911068611344355
ELECTROSTAR Da 1/6,-0.8249611058588742
ENNAKL AUTOMOBILES,-3.7415195012801328
ESSOUKNA,-1.9310412230212173
EURO-CYCLES,-1.4619749461737095
GIF DA 1/10 2008,0
GIF DA 1/11 160209,2.1968143504744937
GIF DA 1/4 200711,0
GIF DA 1/5 101212,0
GIF DA27/1000 8713,0
GIF DA4/237 270415,0
GIF DA5/429 310715,0
GIF Da 1/11 160209,-1.4007378622294457
GIF Da 1/4 200711,-0.927885436229807
GIF Da 1/5 101212,-0.9582161976628487
GIF Da27/1000 8713,-1.6675243752122613
GIF-FILTER,-0.7616479250111672
HANNIBAL LEASE,-3.933955073894484
HEXABYTE,-5.99874325073226
HL 0621 7.65% AP5,0
HL 1121 7.65% AP5,0
HL 1121 T+2.35%AP5,0
HL 1123 7.85% P7-2,-44.19895903523092
HL A 0226 10% AP5,0
HL A0123 8% AP5,0
HL A0123 T+2.4%AP5,0
HL A0222 7.65% AP5,0
HL A0224 11.15%AP5,0
HL A0224 T+3.5%AP5,-21.697925970999385
HL A0321 7.65% AP5,-5.742488499741666
HL A0420 7.7% AP5,0
HL A0722 7.65% AP5,-10.61772761525181
HL B0125 8.25%P7-2,0
HL B02217.35% P7-2,0
HL B0224 7.85%P7-2,0
HL B0226 11.5%P7-2,0
HL B0323 7.85%P7-2,-44.15653902221863
HL B0422 7.85%P7-2,0
HL B0724 7.85%P7-2,0
HL B1021 7.8% P7-2,0
HL DA 1/10 180817,-0.5759501172399683
HL DA37/100 090720,-0.8383889037057881
HL S A0523 8.3%AP5,0
HL S A0523T+2.1%P5,0
HL SB0525 8.5%P7-2,0
HLA0222T+2.35%AP5,0
HLA0321T+2.35%AP5,0
HLS 1120 7.72% AP5,0
HLS1122 7.92%P7-2,0
ICF,-2.942778059665519
JBS1022 7.5% P7-2,0
JBS1022T+2.1% P7-2,0
JL A0322 7.65% AP5,0
JL A0420 7.6% AP5,0
JL A0721 7.5% AP5,0
JL A1220 7.7% AP5,0
JL A1222 7.75% AP5,-6.84770624992414
JL B0422 7.8% P7-2,0
JL B0723 7.75%P7-2,0
JL C0324 7.85%P7-2,0
JL C1224 7.9% P7-2,0
JLB1222T+2.35% AP5,0
JLC0621 7.35% P7-2,0
LAND OR,-0.25325105510388773
LNDOR DA1/32 80617,-0.21928550035260844
MAG DS 5/11 150523,2.09836423772281
MAG GEN DA 1/2,-94.1153353290502
MAG GEN Da 1/2,-5.521883429136542
MAG NS J 01012023,0
MAGASIN GENERAL,-2.1774321748951544
MAGHREB INTERN PUB,1.6661175550360343
MGR DA 1/10 201217,-0.8397999027406291
MGR DA1/3 050710,0
MGR Da1/3 050710,-0.5629625799827357
ML DA 1/4 250515,-0.3299918283156234
ML S A 0423 8% AP5,0
ML SA0423 T+2.3%P5,0
MLSB0425 8.25%P7-2,0
MNP DA 1/2 100611,-5.395369580198255
MNP DA 1/5 040612,0
MNP DA 1/5 160615,6.622075611623577
MNP DS 7/26 040523,-1.8372961604022138
MNP Da 1/2 100611,-0.7360151022415041
MNP Da 1/5 040612,-0.5677430531602632
MNP Da 1/5 160615,-0.49872954752958054
MNP NS J 01012023,0
MODERN LEASING,0
MONOPRIX,-1.906263036105992
MONOPRIX DA,-7.692046164586985
MONOPRIX Da,-3.5834598381447558
MPBS,-1.3167355779254166
MPBS DA1/10 070717,3.339164896371545
MPBS DA1/10 100719,4.292099284558256
MPBS DA1/17 100820,-0.47581515966340393
MPBS DA1/20 050718,-0.44686355852383874
MXA 0623 7.85%P7-2,0
MXB 0623 7.85%P7-2,-65.81509002933751
MXC 0623 7.85%P7-2,-65.81509002933751
MXD 0623 7.85%P7-2,0
NBL DA 1/10 280717,-0.265999882305639
NBL DA1/45 161213,-0.35074826236473916
NBL Da1/45 161213,-0.5381086434773437
NEW BODY LINE,-2.060309215892869
OFFICEPLAST,-1.5948365296944351
ONE TECH HOLDING,-5.495948691151961
OTH DA1/2 181121,-0.7704060633355181
PGH DA 2/25 230611,0
PGH Da 2/25 230611,-0.5044063130702322
PLA DA3/100 231020,-0.7912578609499449
PLA DA7/103 190721,-0.5392640370491695
PLA NG J 01012021,-1.068717170432383
PLAC. TSIE-SICAF,-1.8957115590145268
PLAST DA1/4 161216,2.9856442745182052
PLAST DA1/5 190722,-0.6153417736511905
POULINA GP HOLDING,-1.1601071170072779
SAH,-5.067610946822615
SAH DA 1/14 010818,-0.45296483879791277
SAH DA 1/14 131217,3.221128316107414
SAH DA 1/14 250117,-0.4784531944617437
SAH DA 1/17 070717,3.4256832910719086
SAH DA 1/18 031218,-0.4408394646144283
SAH DA 1/20 050914,-0.40368403564597827
SAH DA 1/35 010823,-0.7321793079879118
SAH DA 1/5 230615,1.8303028069062428
SAH DA 1/7 050814,-0.17542497424048079
SAH DA1/4 22082022,-0.9960017188322249
SAH Da 1/5 230615,-0.5153755633259169
SAM DA 1/10 280717,-0.6040112179542484
SAM DA 1/5 300920,-0.2601182967774408
SANIMED,-3.008920570904726
SER R 1224 11.6%P5,0
SER R 1224T+4.6%P5,0
SERVICOM,-2.140131576074395
SFBT,-5.036627071143807
SFBT (DA 1/2) 2001,0
SFBT (DA 1/6),0
SFBT (DA 1/7),0
SFBT (Da 1/2) 2001,0
SFBT (Da 1/6),0
SFBT (Da 1/7),0
SFBT DA 1/12 2006,0
SFBT DA 1/4 200720,-0.4359764712338114
SFBT DA 1/4 300418,-0.4490291073184217
SFBT DA 1/5 130519,-0.35745406679650993
SFBT DA 1/6 120515,-0.4905057631950895
SFBT DA 1/7 040516,-0.2458810399520124
SFBT DA 1/8 200514,-0.2824347373161064
SFBT DA1/10 040517,-0.1358602893200857
SFBT DA1/19 280513,0.9124674440743366
SFBT DA10/66 03712,0
SFBT DA2007 1/13,16.85630637192951
SFBT DA5/56 120510,0.5861071446348678
SFBT DA5/61 300311,0
SFBT Da 1/12 2006,-1.4450597041643245
SFBT Da1/19 280513,-0.6315963376348039
SFBT Da10/66 03712,-0.5657509339022546
SFBT Da5/56 120510,-1.5453376129126466
SFBT Da5/61 300311,-0.7491584052247394
SFBTDA1/2(11/4/02),0
SFBTDa1/2(11/4/02),0
SIAM DA1/10 160721,-0.49923881140903487
SIAM DA1/25 280704,0
SIAM Da1/25 280704,-4.565499436816328
SIAME,-3.8066833479773683
SIAME DA1/10,0
SIAME DA1/8,0
SIAME DA5/11,0
SIAME Da1/10,0
SIAME Da1/8,-1.1948668924540236
SIAME Da5/11,0
SIMPA DA1/6 010708,-5.040829678054376
SIMPA DA1/7 010710,-1.4919468896310708
SIMPA DA1/8 020712,-1.1094666834264515
SIMPA DA2/9 010714,0.06387446932475142
SIMPA Da1/6 010708,0
SIMPA Da1/7 010710,0
SIMPA Da1/8 020712,-2.2499310795068586
SIMPAR,-1.8841457262677608
SIMPAR DA 1/5,0
SIMPAR Da 1/5,0
SIPHAT,0.1873510467132407
SITEX,-8.483136226957155
SITS,-2.6817309488368406
SITSDA1/9 28/03/07,0
SITSDa1/9 28/03/07,0
SMART DA1/5 070623,-0.6730039663222321
SMART TUNISIE,-5.939446572568473
SOKNA DA1/5 020712,0
SOKNA DA2/5 010714,0
SOKNA Da1/5 020712,-1.189555463925246
SOKNA Da2/5 010714,-0.6358124533643437
SOM DA 1/23 201015,3.2559774153118473
SOMC DA1/10 261211,-0.6436748126548664
SOMC DA1/45 211212,0
SOMC DA2/35 231213,-2.316200285952508
SOMC DA3/37 250814,4.148958595228925
SOMC Da1/10 261211,-0.7149385050268298
SOMC Da1/45 211212,-0.767904033775861
SOMC Da2/35 231213,-0.5408762972946821
SOMOC DA 1/10 0708,0
SOMOC DA 1/20 2007,0
SOMOC DA 1/7 0803,0
SOMOC Da 1/10 0708,0
SOMOC Da 1/20 2007,-0.914841636449233
SOMOC Da 1/7 0803,0
SOMOCER,-2.6580202507859276
SOPAT,-2.2160473424656546
SOPAT NS J01012019,0.9200616642650109
SOPAT NS j01012019,0
SOPATDA1/10 140213,0
SOPATDA1/20 010708,0
SOPATDa1/10 140213,-0.6667819075184019
SOPATDa1/20 010708,0
SOT DA 1/10 150704,-5.490229152760519
SOT DA 1/5  010102,-3.137199468090485
SOT DA 1/5 010703,-13.978678938438541
SOT DA1/22  010906,0
SOT Da 1/10 150704,-0.9128077793752724
SOT Da 1/5  010102,0
SOT Da 1/5 010703,0
SOT Da1/22  010906,-1.1786247057797352
SOTEM NS J01012021,-5.343302670159621
SOTEMAIL,-2.195023474068156
SOTETEL,-1.13473915108142
SOTETEL DA1/6,-3.1371994680904836
SOTETEL Da1/6,0
SOTIPAPIER,-1.4699413862331459
SOTRAPIL,-4.210169241469344
SOTUMAG,-4.146295671857736
SOTUV DA1/7 180713,10.597705242780023
SOTUV DA3/41 10714,-0.31088471897122827
SOTUV DA7/32 91020,-0.6918336608325684
SOTUV Da1/7 180713,-0.6609257138941098
SOTUV NG J 010121,-4.213094330857661
SOTUVER,-3.333889137242485
SOTUVER DA 1/24,-5.64316481421263
SOTUVER DA 3/34,-5.316109971524225
SOTUVER Da 1/24,0
SOTUVER Da 3/34,-3.2529057209782177
SPDIT - SICAF,-3.7000098480879156
SPDIT DA 1/24 3512,7.072754210103456
SPDIT Da 1/24 3512,-1.1477597992686677
STA,-4.7821521439813095
STAR,-2.655278072309408
STB,-1.6022930850194423
STB SA0425 10.5%P5,0
STB SA1124 10.5%P5,0
STB SA1124T+2.3%P5,0
STB SB0122T+1.3P10,0
STB SC0427 11%P7-2,0
STB SC1126 11%P7-2,0
STB0225 6.5%AP16,-5.105391699394791
STB0325 5.30%P15,-3.1115254179420884
STB0524 T+1.5%AP16,0
STB0528T+1.75%AP20,0
STB0533 T+2.0%AP25,0
STBSC1126T+2.8P7-2,0
STE TUN. DU SUCRE,-1.6034293879304424
STEQ,0
STEQ DA2/5(8/4/02),0
STIP,0.6755530717373435
STIP DA1/10 0703,0
STIP Da1/10 0703,-0.7537528641100525
STPIL DA1/10 0703,0
STPIL DA1/17 20614,-0.004012692346696751
STPIL DA1/20 02712,0
STPIL DA1/25301208,0
STPIL DA1/33 01713,2.847604048496103
STPIL DA1/39 01716,0.04369024645788707
STPIL Da1/10 0703,-0.8647080853822288
STPIL Da1/20 02712,-0.5672502828996298
STPIL Da1/25301208,-0.6225197999160863
STPIL Da1/33 01713,-0.6015732230263865
STPILDA0807 1/10,12.56692565984306
STPILDA1/39 290618,-0.23889170902371246
STPILDA1/56 300617,-0.22343473771809885
STPL DA1/32 180615,4.332925493075152
STV DA 1/25 010700,0
STV DA 3/40 200715,-0.5092912247963279
STV DA10/31 160712,6.174092154644814
STV DA2/11 280722,-0.742678439518477
STV DA2/23 4122017,-0.40688695692017124
STV Da 1/25 010700,-8.058290749407869
STV Da10/31 160712,-0.6428419124978602
STV NG J 01012023,-4.336379694411328
STV02 3/10 010102,-3.3159970907549843
TAIR DA 1/5 010908,1.583423159727781
TAIR DA1/10 010799,5.626095555552176
TAIR DA1/10 030700,0
TAIR DA1/11 170709,0
TAIR DA1/22 310806,0
TAIR Da 1/5 010908,-0.5153365652201723
TAIR Da1/10 010799,-0.5108926161513548
TAIR Da1/10 030700,-0.5445462270507583
TAIR Da1/11 170709,-0.5826170261516217
TAIR Da1/22 310806,-0.6586341189967722
TAWASOL GP HOLDING,-1.4150727357342843
TELNET HOLDING,-4.077505211194419
TJARI -  DA39,0
TJARI -  Da39,-3.1990512089829726
TJARI - (DA),0
TJARI - (Da),-2.3423066192756306
TJARI NS J01012024,0
TJARI SA0522 7.4P5,0
TJARIDA1/40 250518,-0.2689266928812906
TJARISA0522T+1.9P5,0
TJARISB05247.5P7-2,0
TJL A 0624 11% AP5,0
TJL B0624T+2.75%P5,0
TJL DA 3/17 210717,0.6893678837987028
TJL S1125 10.25%P5,0
TJLS A0623 8.2%AP5,0
TJLSB0623T+2.3%AP5,0
TJLSB1221 7.75P7-2,0
TJLSC0625 8.35P7-2,0
TL A 0421 7.5% AP5,-5.237548764931761
TL A 0523 7.95%AP5,0
TL A 0624 11.4%AP5,-4.317963437476002
TL A0321 7.5% AP5,0
TL A0523 T+2.3%AP5,-2.208686946267248
TL A0624 T+2.7%AP5,0
TL B0525 8.2% P7-2,0
TL B0626 11.7%P7-2,0
TL B1221 7.8% P7-2,0
TL DA2/43 02022015,-0.45359792871212656
TL DA3/83 10022014,0.11863857294276434
TL SA0322 7.6% AP5,0
TLB 10207.25% P7-2,0
TLB0323 7.75% P7-2,0
TLB0421 7.35% P7-2,0
TLB0423 7.75% P7-2,0
TLB0522 7.85% P7-2,0
TLFA0426 9.70%AP5,0
TLFSA 0124 10.6%P5,0
TLFSA 0124T+2.7%P5,0
TLFSB 0126 11%P7-2,0
TLFSB 0126T+3%P7-2,0
TLN DA 1/10 010719,4.600450255724158
TLS 0525 11.6% AP5,0
TLS A0223 7.95%AP5,-5.0970336301113175
TLS A0622 7.55%AP5,0
TLS A0622 T+2.35P5,0
TLS B0221 7.6%P7-2,0
TLS B0622 7.9%P7-2,0
TLS B0624 7.8%P7-2,0
TLS DA 1/4,-4.431670776821505
TLS DA 1/5(021202),-12.90580606383489
TLS DA 1/56 030308,1.012871743173357
TLS DA 1/57 020309,3.0128782915333856
TLS DA 1/6(181203),-5.820663483944063
TLS DA 1/68 301209,0.7943816158633962
TLS DA 1/69 010210,0.6099790481490253
TLS DA 1/7(061204),-1.5151791973651096
TLS DA 3/80 010213,0.46865892668700093
TLS DA1/23 010719,-0.3640594072417716
TLS DA1/55(010307),12.226296717077043
TLS Da 1/4,-1.2654076372291945
TLS Da 1/5(021202),-1.2653318442691406
TLS Da 1/56 030308,-0.7575903265834949
TLS Da 1/57 020309,-0.6517670970051443
TLS Da 1/6(181203),-1.2087050289888654
TLS Da 1/68 301209,-0.5374233116487795
TLS Da 1/69 010210,-0.5573686057626774
TLS Da 1/7(061204),-1.2935010536490854
TLS Da 3/80 010213,-0.5596918930357773
TLS Da1/55(010307),-0.8934282836430195
TLSB0225 8.20%P7-2,0
TLSB0324 7.85%P7-2,0
TPR,-3.274686035509247
TPR  DA 1/9 260716,-0.4609712469695976
TPR DA 1/21 250612,0
TPR DA 1/36 250510,0
TPR DA 1/44 250613,0
TPR DA 1/8 200509,-0.10702740210632053
TPR DA 5/37 150611,-0.4214118543361312
TPR Da 1/21 250612,-0.5047258590620001
TPR Da 1/36 250510,-0.5040835018306504
TPR Da 1/44 250613,-0.5218093617873533
TPR Da 1/8 200509,-0.7400771012243023
TPR Da 5/37 150611,-0.6387228631825342
TUN. LEAS. (DA 10),0
TUN. LEAS. (Da 10),-1.1881390829842384
TUNINVEST-SICAR,-1.4019938001042933
TUNIS RE,-2.0446052296484334
TUNISAIR,-2.1042601388298823
TUNISAIR - DA 01,2.524200391104711
TUNISAIR - DA 04,0
TUNISAIR - Da 01,-0.5661431863227746
TUNISAIR - Da 04,-0.5668347078629455
TUNISAIR DA 1/10,5.403840237066423
TUNISAIR Da 1/10,-0.5376720229774599
TUNISIE LEASING F,-2.3754942996749913
TUNISIE VALEURS,-13.64604717510748
UADH,-0.6611225928604606
UBCI,-4.132184176825589
UBCI 0520 6.8%P7-2,0
UBCI DA 1/2 150710,-3.6056990232520065
UBCI DA 1/6 010900,-8.520628420915907
UBCI DA 3/7 010704,0
UBCI DA8/33 141013,1.1943747665597881
UBCI Da 1/2 150710,-1.4334842457385897
UBCI Da 1/6 010900,-4.205381231506195
UBCI Da 3/7 010704,-0.9150248447516803
UBCI Da8/33 141013,-0.7354216373341991
UBS A0122 7.4% AP5,0
UBSB0124 7.5%AP7-2,0
UBSB0622 7.5%AP7-2,0
UIB,-3.057621173685784
UIB0123 6.40% AP10,-13.834567612249938
UIB0133 6.70% AP20,0
UIB0724 5.5%AP15,0
UIB0729 5.85%AP20,0
UIB0821 T+1%P10,0
UIB0831 6.3%P20,-5.706230003107676
UMD DA11/117 40817,-0.6901338558170099
UMED D76/509 26716,-0.5758609446494144
UNIFAA1123 9.25%P5,-149.15958252073332
UNIFAB1123T+2.5%P5,0
UNIFAC02217.45% P5,0
UNIFAC0221T+2.5%P5,0
UNIMED,-1.0832471872862097
WIB IB0624 10.5%P5,0
WIB ID 0626 11%P7,0
WIBIA0624 10.25%P5,-32.89579165299885
WIBIC0626 10.75%P7,0
WIFACK INT BANK,-3.8092254433499555
WIFAK DA1/2 121015,13.340601991848406