2020-01-02,905001,TUNINDEX,7039.73,7122.09,-1.16,7097.65,7037.65
2020-01-03,905001,TUNINDEX,6996.86,7039.73,-0.61,7033.15,6976.19
2020-01-06,905001,TUNINDEX,6966.09,6996.86,-0.44,7031.75,6944.67
2020-01-07,905001,TUNINDEX,6919.37,6966.09,-0.67,6976.64,6905.46
2020-01-08,905001,TUNINDEX,6889.97,6919.37,-0.42,6930.16,6871.21
2020-01-09,905001,TUNINDEX,6883.26,6889.97,-0.1,6904.05,6847.34
2020-01-10,905001,TUNINDEX,6869.63,6883.26,-0.2,6893.85,6846.52
2020-01-13,905001,TUNINDEX,6882.41,6869.63,0.19,6894.88,6857.45
2020-01-15,905001,TUNINDEX,6902.3,6882.41,0.29,6910.05,6887.02
2020-01-16,905001,TUNINDEX,6917.59,6902.3,0.22,6930.63,6889.38
2020-01-17,905001,TUNINDEX,6903.63,6917.59,-0.2,6928.12,6873.05
2020-01-20,905001,TUNINDEX,6940.65,6903.63,0.54,6950.53,6909.32
2020-01-21,905001,TUNINDEX,6956.8,6940.65,0.23,6974.64,6905.47
2020-01-22,905001,TUNINDEX,6977.33,6956.8,0.3,6980.87,6925.32
2020-01-23,905001,TUNINDEX,6985.23,6977.33,0.11,6996.06,6955.4
2020-01-24,905001,TUNINDEX,7012.64,6985.23,0.39,7030.24,6957.58
2020-01-27,905001,TUNINDEX,7052.62,7012.64,0.57,7054.33,6999.21
2020-01-28,905001,TUNINDEX,7061.63,7052.62,0.13,7071.88,7045.1
2020-01-29,905001,TUNINDEX,7051.05,7061.63,-0.15,7068.98,7033.83
2020-01-30,905001,TUNINDEX,7054.38,7051.05,0.05,7067.96,7042.06
2020-01-31,905001,TUNINDEX,7080.15,7054.38,0.37,7080.15,7033.18
2020-02-03,905001,TUNINDEX,7091.0,7080.15,0.15,7094.64,7043.61
2020-02-04,905001,TUNINDEX,7077.53,7091.0,-0.19,7109.08,7063.11
2020-02-05,905001,TUNINDEX,7072.09,7077.53,-0.08,7110.13,7066.35
2020-02-06,905001,TUNINDEX,7072.19,7072.09,0.0,7084.35,7043.68
2020-02-07,905001,TUNINDEX,7100.09,7072.19,0.39,7112.79,7073.08
2020-02-10,905001,TUNINDEX,7089.64,7100.09,-0.15,7105.99,7041.6
2020-02-11,905001,TUNINDEX,7085.31,7089.64,-0.06,7114.01,7065.62
2020-02-12,905001,TUNINDEX,7092.34,7085.31,0.1,7108.12,7068.58
2020-02-13,905001,TUNINDEX,7110.26,7092.34,0.25,7126.83,7084.31
2020-02-14,905001,TUNINDEX,7115.5,7110.26,0.07,7126.05,7090.95
2020-02-17,905001,TUNINDEX,7138.31,7115.5,0.32,7144.12,7105.04
2020-02-18,905001,TUNINDEX,7149.78,7138.31,0.16,7159.77,7116.62
2020-02-19,905001,TUNINDEX,7160.96,7149.78,0.16,7160.96,7131.6
2020-02-20,905001,TUNINDEX,7168.43,7160.96,0.1,7190.68,7147.63
2020-02-21,905001,TUNINDEX,7168.03,7168.43,-0.01,7176.94,7157.05
2020-02-24,905001,TUNINDEX,7173.11,7168.03,0.07,7185.99,7152.22
2020-02-25,905001,TUNINDEX,7147.42,7173.11,-0.36,7187.85,7140.72
2020-02-26,905001,TUNINDEX,7135.53,7147.42,-0.17,7164.76,7121.64
2020-02-27,905001,TUNINDEX,7150.68,7135.53,0.21,7150.83,7121.46
2020-02-28,905001,TUNINDEX,7171.31,7150.68,0.29,7180.8,7150.52
2020-03-02,905001,TUNINDEX,7204.39,7171.31,0.46,7219.71,7176.88
2020-03-03,905001,TUNINDEX,7180.89,7204.39,-0.33,7232.07,7145.85
2020-03-04,905001,TUNINDEX,7163.22,7180.89,-0.25,7189.3,7142.34
2020-03-05,905001,TUNINDEX,7112.99,7163.22,-0.7,7177.25,7066.53
2020-03-06,905001,TUNINDEX,7025.31,7112.99,-1.23,7135.5,6984.86
2020-03-09,905001,TUNINDEX,6922.09,7025.31,-1.47,7024.6,6909.53
2020-03-10,905001,TUNINDEX,6864.83,6922.09,-0.83,6915.45,6778.39
2020-03-11,905001,TUNINDEX,6914.63,6864.83,0.73,6923.81,6854.72
2020-03-12,905001,TUNINDEX,6811.72,6914.63,-1.49,6919.95,6782.46
2020-03-13,905001,TUNINDEX,6623.32,6811.72,-2.77,6805.25,6593.14
2020-03-16,905001,TUNINDEX,6351.8,6623.32,-4.1,6618.0,6351.8
2020-03-17,905001,TUNINDEX,6116.16,6351.8,-3.71,6312.59,6116.16
2020-03-18,905001,TUNINDEX,6158.9,6116.16,0.7,6160.82,6000.43
2020-03-19,905001,TUNINDEX,6138.82,6158.9,-0.33,6225.42,6105.57
2020-03-23,905001,TUNINDEX,6199.98,6138.82,1.0,6202.26,6122.86
2020-03-24,905001,TUNINDEX,6318.74,6199.98,1.92,6319.37,6233.83
2020-03-25,905001,TUNINDEX,6355.83,6318.74,0.59,6385.91,6335.71
2020-03-26,905001,TUNINDEX,6424.13,6355.83,1.07,6452.81,6375.1
2020-03-27,905001,TUNINDEX,6412.02,6424.13,-0.19,6519.83,6411.3
2020-03-30,905001,TUNINDEX,6433.65,6412.02,0.34,6459.6,6373.11
2020-03-31,905001,TUNINDEX,6483.38,6433.65,0.77,6501.99,6418.9
2020-04-01,905001,TUNINDEX,6489.36,6483.38,0.09,6507.0,6432.61
2020-04-02,905001,TUNINDEX,6337.93,6489.36,-2.33,6483.54,6335.68
2020-04-03,905001,TUNINDEX,6253.63,6337.93,-1.33,6389.05,6238.15
2020-04-06,905001,TUNINDEX,6227.91,6253.63,-0.41,6264.14,6189.48
2020-04-07,905001,TUNINDEX,6262.81,6227.91,0.56,6289.63,6210.02
2020-04-08,905001,TUNINDEX,6247.93,6262.81,-0.24,6283.21,6213.33
2020-04-13,905001,TUNINDEX,6248.52,6247.93,0.01,6301.29,6223.06
2020-04-14,905001,TUNINDEX,6237.38,6248.52,-0.18,6279.03,6216.93
2020-04-15,905001,TUNINDEX,6240.6,6237.38,0.05,6272.03,6238.73
2020-04-16,905001,TUNINDEX,6261.72,6240.6,0.34,6298.6,6219.64
2020-04-17,905001,TUNINDEX,6282.08,6261.72,0.33,6305.78,6257.8
2020-04-20,905001,TUNINDEX,6339.07,6282.08,0.91,6341.88,6266.33
2020-04-21,905001,TUNINDEX,6324.68,6339.07,-0.23,6375.89,6317.35
2020-04-22,905001,TUNINDEX,6333.83,6324.68,0.14,6359.71,6316.27
2020-04-23,905001,TUNINDEX,6365.8,6333.83,0.5,6387.37,6315.84
2020-04-24,905001,TUNINDEX,6357.4,6365.8,-0.13,6433.73,6357.4
2020-04-27,905001,TUNINDEX,6350.3,6357.4,-0.11,6388.38,6342.69
2020-04-28,905001,TUNINDEX,6294.37,6350.3,-0.88,6380.77,6281.66
2020-04-29,905001,TUNINDEX,6236.69,6294.37,-0.92,6306.55,6212.28
2020-04-30,905001,TUNINDEX,6213.89,6236.69,-0.37,6264.48,6174.91
2020-05-04,905001,TUNINDEX,6236.27,6213.89,0.36,6267.84,6221.79
2020-05-05,905001,TUNINDEX,6247.24,6236.27,0.18,6271.17,6194.85
2020-05-06,905001,TUNINDEX,6238.4,6247.24,-0.14,6286.09,6201.57
2020-05-07,905001,TUNINDEX,6283.98,6238.4,0.73,6307.52,6248.03
2020-05-08,905001,TUNINDEX,6270.12,6283.98,-0.22,6317.22,6265.24
2020-05-11,905001,TUNINDEX,6288.74,6270.12,0.3,6318.17,6268.26
2020-05-12,905001,TUNINDEX,6332.04,6288.74,0.69,6335.63,6300.58
2020-05-13,905001,TUNINDEX,6367.85,6332.04,0.57,6386.65,6334.89
2020-05-14,905001,TUNINDEX,6433.91,6367.85,1.04,6446.43,6372.36
2020-05-15,905001,TUNINDEX,6482.58,6433.91,0.76,6493.59,6432.41
2020-05-18,905001,TUNINDEX,6434.83,6482.58,-0.74,6511.81,6425.43
2020-05-19,905001,TUNINDEX,6428.95,6434.83,-0.09,6488.24,6427.95
2020-05-20,905001,TUNINDEX,6455.73,6428.95,0.42,6477.79,6430.35
2020-05-21,905001,TUNINDEX,6445.03,6455.73,-0.17,6490.06,6442.95
2020-05-22,905001,TUNINDEX,6473.12,6445.03,0.44,6487.08,6449.85
2020-05-26,905001,TUNINDEX,6475.09,6473.12,0.03,6501.69,6467.88
2020-05-27,905001,TUNINDEX,6467.61,6475.09,-0.12,6497.56,6445.22
2020-05-28,905001,TUNINDEX,6440.76,6467.61,-0.42,6484.79,6437.73
2020-05-29,905001,TUNINDEX,6488.61,6440.76,0.74,6502.33,6434.85
2020-06-01,905001,TUNINDEX,6519.15,6488.61,0.47,6525.38,6471.53
2020-06-02,905001,TUNINDEX,6570.26,6519.15,0.78,6576.76,6523.5
2020-06-03,905001,TUNINDEX,6574.87,6570.26,0.07,6595.7,6554.16
2020-06-04,905001,TUNINDEX,6625.07,6574.87,0.76,6625.25,6575.66
2020-06-05,905001,TUNINDEX,6649.72,6625.07,0.37,6652.35,6617.44
2020-06-08,905001,TUNINDEX,6625.39,6649.72,-0.37,6675.77,6604.08
2020-06-09,905001,TUNINDEX,6627.36,6625.39,0.03,6660.1,6615.54
2020-06-10,905001,TUNINDEX,6636.56,6627.36,0.14,6659.92,6620.32
2020-06-11,905001,TUNINDEX,6658.09,6636.56,0.32,6683.66,6615.66
2020-06-12,905001,TUNINDEX,6697.04,6658.09,0.59,6697.04,6628.18
2020-06-15,905001,TUNINDEX,6701.0,6697.04,0.06,6711.57,6677.78
2020-06-16,905001,TUNINDEX,6703.08,6701.0,0.03,6724.08,6690.3
2020-06-17,905001,TUNINDEX,6726.77,6703.08,0.35,6731.85,6693.71
2020-06-18,905001,TUNINDEX,6718.68,6726.77,-0.12,6744.15,6682.89
2020-06-19,905001,TUNINDEX,6704.74,6718.68,-0.21,6745.79,6685.81
2020-06-22,905001,TUNINDEX,6701.31,6704.74,-0.05,6706.21,6644.59
2020-06-23,905001,TUNINDEX,6728.61,6701.31,0.41,6728.61,6692.88
2020-06-24,905001,TUNINDEX,6697.47,6728.61,-0.46,6739.12,6686.66
2020-06-25,905001,TUNINDEX,6643.95,6697.47,-0.8,6713.87,6628.14
2020-06-26,905001,TUNINDEX,6608.85,6643.95,-0.53,6646.33,6583.34
2020-06-29,905001,TUNINDEX,6626.82,6608.85,0.27,6634.92,6583.96
2020-06-30,905001,TUNINDEX,6627.87,6626.82,0.02,6631.15,6593.93
2020-07-01,905001,TUNINDEX,6562.21,6627.87,-0.99,6634.39,6546.57
2020-07-02,905001,TUNINDEX,6549.89,6562.21,-0.19,6578.74,6532.83
2020-07-03,905001,TUNINDEX,6575.87,6549.89,0.4,6580.77,6552.6
2020-07-06,905001,TUNINDEX,6582.45,6575.87,0.1,6589.36,6563.78
2020-07-07,905001,TUNINDEX,6571.64,6582.45,-0.16,6589.36,6558.94
2020-07-08,905001,TUNINDEX,6605.36,6571.64,0.51,6606.65,6566.84
2020-07-09,905001,TUNINDEX,6603.78,6605.36,-0.02,6614.54,6568.78
2020-07-10,905001,TUNINDEX,6609.12,6603.78,0.08,6621.58,6585.69
2020-07-13,905001,TUNINDEX,6613.18,6609.12,0.06,6618.85,6584.22
2020-07-14,905001,TUNINDEX,6590.37,6613.18,-0.34,6626.12,6587.47
2020-07-15,905001,TUNINDEX,6574.62,6590.37,-0.24,6607.24,6556.32
2020-07-16,905001,TUNINDEX,6557.1,6574.62,-0.27,6574.9,6532.5
2020-07-17,905001,TUNINDEX,6550.59,6557.1,-0.1,6571.05,6530.9
2020-07-20,905001,TUNINDEX,6578.6,6550.59,0.43,6606.95,6543.83
2020-07-21,905001,TUNINDEX,6529.28,6578.6,-0.75,6575.7,6524.21
2020-07-22,905001,TUNINDEX,6553.4,6529.28,0.37,6553.89,6517.08
2020-07-23,905001,TUNINDEX,6565.24,6553.4,0.18,6582.49,6544.12
2020-07-24,905001,TUNINDEX,6596.95,6565.24,0.48,6597.49,6555.78
2020-07-27,905001,TUNINDEX,6597.49,6596.95,0.01,6605.41,6558.02
2020-07-28,905001,TUNINDEX,6584.44,6597.49,-0.2,6600.77,6555.31
2020-07-29,905001,TUNINDEX,6579.47,6584.44,-0.08,6593.34,6579.36
2020-07-30,905001,TUNINDEX,6584.33,6579.47,0.07,6588.98,6560.94
2020-08-03,905001,TUNINDEX,6584.27,6584.33,0.0,6618.17,6566.97
2020-08-04,905001,TUNINDEX,6608.29,6584.27,0.36,6608.88,6557.12
2020-08-05,905001,TUNINDEX,6687.82,6608.29,1.2,6688.7,6611.69
2020-08-06,905001,TUNINDEX,6660.47,6687.82,-0.41,6729.36,6657.78
2020-08-07,905001,TUNINDEX,6665.34,6660.47,0.07,6702.53,6653.28
2020-08-10,905001,TUNINDEX,6703.02,6665.34,0.57,6708.0,6681.28
2020-08-11,905001,TUNINDEX,6721.69,6703.02,0.28,6740.41,6686.37
2020-08-12,905001,TUNINDEX,6758.6,6721.69,0.55,6758.88,6727.57
2020-08-14,905001,TUNINDEX,6755.65,6758.6,-0.04,6785.69,6742.1
2020-08-17,905001,TUNINDEX,6690.03,6755.65,-0.97,6761.77,6673.52
2020-08-18,905001,TUNINDEX,6671.46,6690.03,-0.28,6692.81,6653.5
2020-08-19,905001,TUNINDEX,6683.34,6671.46,0.18,6692.75,6645.66
2020-08-21,905001,TUNINDEX,6702.55,6683.34,0.29,6714.33,6665.14
2020-08-24,905001,TUNINDEX,6705.82,6702.55,0.05,6707.73,6669.22
2020-08-25,905001,TUNINDEX,6720.62,6705.82,0.22,6721.94,6683.55
2020-08-26,905001,TUNINDEX,6735.02,6720.62,0.21,6745.25,6720.71
2020-08-27,905001,TUNINDEX,6739.18,6735.02,0.06,6739.18,6717.91
2020-08-28,905001,TUNINDEX,6760.83,6739.18,0.32,6760.83,6726.08
2020-08-31,905001,TUNINDEX,6769.22,6760.83,0.12,6792.29,6751.15
2020-09-01,905001,TUNINDEX,6756.07,6769.22,-0.19,6794.51,6750.68
2020-09-02,905001,TUNINDEX,6767.28,6756.07,0.17,6796.23,6748.54
2020-09-03,905001,TUNINDEX,6751.39,6767.28,-0.23,6785.74,6729.23
2020-09-04,905001,TUNINDEX,6770.11,6751.39,0.28,6777.94,6736.0
2020-09-07,905001,TUNINDEX,6759.12,6770.11,-0.16,6776.28,6736.12
2020-09-08,905001,TUNINDEX,6748.41,6759.12,-0.16,6769.8,6718.33
2020-09-09,905001,TUNINDEX,6795.02,6748.41,0.69,6795.02,6728.71
2020-09-10,905001,TUNINDEX,6815.42,6795.02,0.3,6823.75,6776.53
2020-09-11,905001,TUNINDEX,6863.44,6815.42,0.7,6877.52,6816.55
2020-09-14,905001,TUNINDEX,6898.06,6863.44,0.5,6916.32,6875.49
2020-09-15,905001,TUNINDEX,6897.94,6898.06,0.0,6911.59,6876.66
2020-09-16,905001,TUNINDEX,6870.18,6897.94,-0.4,6906.02,6854.76
2020-09-17,905001,TUNINDEX,6853.68,6870.18,-0.24,6901.26,6836.14
2020-09-18,905001,TUNINDEX,6881.57,6853.68,0.41,6883.41,6824.51
2020-09-21,905001,TUNINDEX,6847.35,6881.57,-0.5,6898.43,6817.09
2020-09-22,905001,TUNINDEX,6811.12,6847.35,-0.53,6842.62,6784.44
2020-09-23,905001,TUNINDEX,6833.27,6811.12,0.33,6836.42,6802.42
2020-09-24,905001,TUNINDEX,6797.26,6833.27,-0.53,6846.16,6769.27
2020-09-25,905001,TUNINDEX,6809.78,6797.26,0.18,6815.19,6768.54
2020-09-28,905001,TUNINDEX,6774.35,6809.78,-0.52,6826.18,6753.23
2020-09-29,905001,TUNINDEX,6830.27,6774.35,0.83,6830.82,6771.16
2020-09-30,905001,TUNINDEX,6748.63,6830.27,-1.2,6842.19,6724.97
2020-10-01,905001,TUNINDEX,6579.02,6748.63,-2.51,6757.33,6570.13
2020-10-02,905001,TUNINDEX,6567.83,6579.02,-0.17,6577.21,6470.12
2020-10-05,905001,TUNINDEX,6687.17,6567.83,1.82,6692.34,6584.74
2020-10-06,905001,TUNINDEX,6743.14,6687.17,0.84,6752.54,6711.42
2020-10-07,905001,TUNINDEX,6671.97,6743.14,-1.06,6786.73,6668.46
2020-10-08,905001,TUNINDEX,6672.46,6671.97,0.01,6712.67,6658.04
2020-10-09,905001,TUNINDEX,6675.68,6672.46,0.05,6702.57,6664.45
2020-10-12,905001,TUNINDEX,6658.05,6675.68,-0.26,6683.77,6634.67
2020-10-13,905001,TUNINDEX,6655.08,6658.05,-0.04,6688.17,6628.16
2020-10-14,905001,TUNINDEX,6662.8,6655.08,0.12,6669.96,6638.9
2020-10-16,905001,TUNINDEX,6676.4,6662.8,0.2,6699.74,6631.46
2020-10-19,905001,TUNINDEX,6681.27,6676.4,0.07,6693.91,6659.01
2020-10-20,905001,TUNINDEX,6650.87,6681.27,-0.46,6704.05,6627.67
2020-10-21,905001,TUNINDEX,6649.24,6650.87,-0.02,6650.68,6616.5
2020-10-22,905001,TUNINDEX,6649.46,6649.24,0.0,6710.33,6647.84
2020-10-23,905001,TUNINDEX,6662.96,6649.46,0.2,6707.12,6646.68
2020-10-26,905001,TUNINDEX,6645.81,6662.96,-0.26,6688.92,6625.81
2020-10-27,905001,TUNINDEX,6626.12,6645.81,-0.3,6655.05,6582.4
2020-10-28,905001,TUNINDEX,6609.61,6626.12,-0.25,6660.19,6592.45
2020-10-30,905001,TUNINDEX,6555.1,6609.61,-0.82,6617.44,6537.95
2020-11-02,905001,TUNINDEX,6541.98,6555.1,-0.2,6584.77,6520.69
2020-11-03,905001,TUNINDEX,6549.2,6541.98,0.11,6554.48,6518.69
2020-11-04,905001,TUNINDEX,6546.61,6549.2,-0.04,6593.62,6527.92
2020-11-05,905001,TUNINDEX,6535.74,6546.61,-0.17,6590.48,6524.12
2020-11-06,905001,TUNINDEX,6567.99,6535.74,0.49,6581.79,6523.24
2020-11-09,905001,TUNINDEX,6604.06,6567.99,0.55,6619.61,6578.46
2020-11-10,905001,TUNINDEX,6621.56,6604.06,0.26,6630.16,6592.02
2020-11-11,905001,TUNINDEX,6622.25,6621.56,0.01,6647.26,6602.52
2020-11-12,905001,TUNINDEX,6630.82,6622.25,0.13,6649.63,6616.14
2020-11-13,905001,TUNINDEX,6643.39,6630.82,0.19,6654.57,6632.97
2020-11-16,905001,TUNINDEX,6673.77,6643.39,0.46,6674.47,6631.68
2020-11-17,905001,TUNINDEX,6700.24,6673.77,0.4,6700.24,6660.94
2020-11-18,905001,TUNINDEX,6717.07,6700.89,0.24,6717.07,6677.11
2020-11-19,905001,TUNINDEX,6739.13,6717.07,0.33,6740.33,6705.79
2020-11-20,905001,TUNINDEX,6741.81,6739.13,0.04,6747.28,6718.08
2020-11-23,905001,TUNINDEX,6746.34,6741.81,0.07,6768.0,6724.89
2020-11-24,905001,TUNINDEX,6755.07,6746.34,0.13,6767.59,6742.01
2020-11-25,905001,TUNINDEX,6805.39,6755.07,0.74,6805.39,6753.17
2020-11-26,905001,TUNINDEX,6773.73,6805.39,-0.47,6807.7,6762.53
2020-11-27,905001,TUNINDEX,6782.21,6773.73,0.13,6790.04,6736.17
2020-11-30,905001,TUNINDEX,6822.53,6782.21,0.59,6822.71,6778.36
2020-12-01,905001,TUNINDEX,6815.49,6822.53,-0.1,6845.67,6806.55
2020-12-02,905001,TUNINDEX,6825.23,6815.49,0.14,6838.6,6809.9
2020-12-03,905001,TUNINDEX,6826.12,6825.23,0.01,6853.63,6805.16
2020-12-04,905001,TUNINDEX,6828.93,6826.12,0.04,6835.44,6807.03
2020-12-07,905001,TUNINDEX,6855.6,6828.93,0.39,6866.4,6822.13
2020-12-08,905001,TUNINDEX,6873.25,6855.6,0.26,6883.17,6837.52
2020-12-09,905001,TUNINDEX,6893.34,6873.25,0.29,6907.7,6864.23
2020-12-10,905001,TUNINDEX,6888.59,6893.34,-0.07,6921.28,6876.05
2020-12-11,905001,TUNINDEX,6854.55,6888.59,-0.49,6888.83,6839.19
2020-12-14,905001,TUNINDEX,6839.95,6854.55,-0.21,6882.81,6817.01
2020-12-15,905001,TUNINDEX,6849.12,6839.95,0.13,6855.63,6811.22
2020-12-16,905001,TUNINDEX,6818.82,6849.12,-0.44,6844.95,6798.08
2020-12-17,905001,TUNINDEX,6829.24,6818.82,0.15,6834.32,6792.72
2020-12-18,905001,TUNINDEX,6849.03,6829.24,0.29,6851.84,6822.13
2020-12-21,905001,TUNINDEX,6869.15,6849.03,0.29,6870.36,6832.66
2020-12-22,905001,TUNINDEX,6844.96,6869.15,-0.35,6882.0,6822.2
2020-12-23,905001,TUNINDEX,6856.42,6844.96,0.17,6862.99,6827.04
2020-12-24,905001,TUNINDEX,6869.99,6856.42,0.2,6890.08,6843.26
2020-12-25,905001,TUNINDEX,6868.24,6869.99,-0.03,6885.95,6845.93
2020-12-28,905001,TUNINDEX,6852.84,6868.24,-0.22,6893.42,6829.48
2020-12-29,905001,TUNINDEX,6855.32,6852.84,0.04,6883.83,6823.43
2020-12-30,905001,TUNINDEX,6850.84,6855.32,-0.07,6880.72,6832.95
2020-12-31,905001,TUNINDEX,6884.93,6850.84,0.5,6885.02,6825.83
2021-01-04,350000,TUNINDEX,6808.14,6884.93,-1.12,6808.14,6808.14
2021-01-05,350000,TUNINDEX,6768.02,6808.14,-0.59,6808.14,6768.02
2021-01-06,350000,TUNINDEX,6742.79,6768.02,-0.37,6808.14,6742.79
2021-01-07,350000,TUNINDEX,6721.82,6742.79,-0.31,6808.14,6721.82
2021-01-08,350000,TUNINDEX,6743.51,6721.82,0.32,6808.14,6721.82
2021-01-11,350000,TUNINDEX,6729.02,6743.51,-0.21,6808.14,6721.82
2021-01-12,350000,TUNINDEX,6734.19,6729.02,0.08,6808.14,6721.82
2021-01-13,350000,TUNINDEX,6711.41,6734.19,-0.34,6808.14,6711.41
2021-01-15,350000,TUNINDEX,6717.73,6711.41,0.09,6808.14,6711.41
2021-01-18,350000,TUNINDEX,6682.51,6717.73,-0.52,6808.14,6682.51
2021-01-19,350000,TUNINDEX,6715.85,6682.51,0.5,6808.14,6682.51
2021-01-20,350000,TUNINDEX,6707.34,6715.85,-0.13,6808.14,6682.51
2021-01-21,350000,TUNINDEX,6700.9,6707.34,-0.1,6808.14,6682.51
2021-01-22,350000,TUNINDEX,6652.03,6700.9,-0.73,6808.14,6652.03
2021-01-25,350000,TUNINDEX,6680.05,6652.03,0.42,6808.14,6652.03
2021-01-26,350000,TUNINDEX,6644.54,6680.05,-0.53,6808.14,6644.54
2021-01-27,350000,TUNINDEX,6615.22,6644.54,-0.44,6808.14,6615.22
2021-01-28,350000,TUNINDEX,6653.8,6615.22,0.58,6808.14,6615.22
2021-01-29,350000,TUNINDEX,6657.83,6653.8,0.06,6808.14,6615.22
2021-02-01,350000,TUNINDEX,6635.2,6657.83,-0.34,6808.14,6615.22
2021-02-02,350000,TUNINDEX,6596.32,6635.2,-0.59,6808.14,6596.32
2021-02-03,350000,TUNINDEX,6603.91,6596.32,0.12,6808.14,6596.32
2021-02-04,350000,TUNINDEX,6603.92,6603.91,0.0,6808.14,6596.32
2021-02-05,350000,TUNINDEX,6625.96,6603.92,0.33,6808.14,6596.32
2021-02-08,350000,TUNINDEX,6609.7,6625.96,-0.25,6808.14,6596.32
2021-02-09,350000,TUNINDEX,6620.88,6609.7,0.17,6808.14,6596.32
2021-02-10,350000,TUNINDEX,6649.54,6620.88,0.43,6808.14,6596.32
2021-02-11,350000,TUNINDEX,6648.33,6649.54,-0.02,6808.14,6596.32
2021-02-12,350000,TUNINDEX,6630.65,6648.33,-0.27,6808.14,6596.32
2021-02-15,350000,TUNINDEX,6656.35,6630.65,0.39,6808.14,6596.32
2021-02-16,350000,TUNINDEX,6676.69,6656.35,0.31,6808.14,6596.32
2021-02-17,350000,TUNINDEX,6667.49,6676.69,-0.14,6808.14,6596.32
2021-02-18,350000,TUNINDEX,6708.52,6667.49,0.62,6808.14,6596.32
2021-02-19,350000,TUNINDEX,6695.81,6708.52,-0.19,6808.14,6596.32
2021-02-22,350000,TUNINDEX,6697.16,6695.81,0.02,6808.14,6596.32
2021-02-23,350000,TUNINDEX,6695.42,6697.16,-0.03,6808.14,6596.32
2021-02-24,350000,TUNINDEX,6693.79,6695.42,-0.02,6808.14,6596.32
2021-02-25,350000,TUNINDEX,6689.21,6693.79,-0.07,6808.14,6596.32
2021-02-26,350000,TUNINDEX,6677.6,6689.21,-0.17,6808.14,6596.32
2021-03-01,350000,TUNINDEX,6657.16,6677.6,-0.31,6808.14,6596.32
2021-03-02,350000,TUNINDEX,6665.61,6657.16,0.13,6808.14,6596.32
2021-03-03,350000,TUNINDEX,6684.62,6665.61,0.29,6808.14,6596.32
2021-03-04,350000,TUNINDEX,6727.3,6684.62,0.64,6808.14,6596.32
2021-03-05,350000,TUNINDEX,6765.5,6727.3,0.57,6808.14,6596.32
2021-03-08,350000,TUNINDEX,6775.46,6765.5,0.15,6808.14,6596.32
2021-03-09,350000,TUNINDEX,6776.26,6775.46,0.01,6808.14,6596.32
2021-03-10,350000,TUNINDEX,6789.37,6776.26,0.19,6808.14,6596.32
2021-03-11,350000,TUNINDEX,6820.97,6789.37,0.47,6820.97,6596.32
2021-03-12,350000,TUNINDEX,6829.98,6820.97,0.13,6829.98,6596.32
2021-03-15,350000,TUNINDEX,6828.57,6829.98,-0.02,6829.98,6596.32
2021-03-16,350000,TUNINDEX,6790.19,6828.57,-0.56,6829.98,6596.32
2021-03-17,350000,TUNINDEX,6797.85,6790.19,0.11,6829.98,6596.32
2021-03-18,350000,TUNINDEX,6821.54,6797.85,0.35,6829.98,6596.32
2021-03-19,350000,TUNINDEX,6806.65,6821.54,-0.22,6829.98,6596.32
2021-03-22,350000,TUNINDEX,6885.77,6806.65,1.16,6885.77,6596.32
2021-03-23,350000,TUNINDEX,6962.6,6885.77,1.12,6962.6,6596.32
2021-03-24,350000,TUNINDEX,7075.35,6962.6,1.62,7075.35,6596.32
2021-03-25,350000,TUNINDEX,7078.74,7075.35,0.05,7078.74,6596.32
2021-03-26,350000,TUNINDEX,7083.79,7078.74,0.07,7083.79,6596.32
2021-03-29,350000,TUNINDEX,7091.82,7083.79,0.11,7091.82,6596.32
2021-03-30,350000,TUNINDEX,7099.3,7091.82,0.11,7099.3,6596.32
2021-03-31,350000,TUNINDEX,7089.37,7099.3,-0.14,7099.3,6596.32
2021-04-01,350000,TUNINDEX,7136.63,7089.37,0.67,7136.63,6596.32
2021-04-02,350000,TUNINDEX,7154.78,7136.63,0.25,7154.78,6596.32
2021-04-05,350000,TUNINDEX,7176.49,7154.78,0.3,7176.49,6596.32
2021-04-06,350000,TUNINDEX,7210.68,7176.49,0.48,7210.68,6596.32
2021-04-07,350000,TUNINDEX,7196.89,7210.68,-0.19,7210.68,6596.32
2021-04-08,350000,TUNINDEX,7165.91,7196.89,-0.43,7210.68,6596.32
2021-04-12,350000,TUNINDEX,7138.42,7165.91,-0.38,7210.68,6596.32
2021-04-13,350000,TUNINDEX,7123.65,7138.42,-0.21,7210.68,6596.32
2021-04-14,350000,TUNINDEX,7104.9,7123.65,-0.26,7210.68,6596.32
2021-04-15,350000,TUNINDEX,7083.7,7104.9,-0.3,7210.68,6596.32
2021-04-16,350000,TUNINDEX,7029.3,7083.7,-0.77,7210.68,6596.32
2021-04-19,350000,TUNINDEX,7001.18,7029.3,-0.4,7210.68,6596.32
2021-04-20,350000,TUNINDEX,6973.89,7001.18,-0.39,7210.68,6596.32
2021-04-21,350000,TUNINDEX,6994.96,6973.89,0.3,7210.68,6596.32
2021-04-22,350000,TUNINDEX,7032.17,6994.96,0.53,7210.68,6596.32
2021-04-23,350000,TUNINDEX,7066.59,7032.17,0.49,7210.68,6596.32
2021-04-26,350000,TUNINDEX,7069.5,7066.59,0.04,7210.68,6596.32
2021-04-27,350000,TUNINDEX,7071.64,7069.5,0.03,7210.68,6596.32
2021-04-28,350000,TUNINDEX,7084.9,7071.64,0.19,7210.68,6596.32
2021-04-29,350000,TUNINDEX,7133.17,7084.9,0.68,7210.68,6596.32
2021-04-30,350000,TUNINDEX,7164.2,7133.17,0.44,7210.68,6596.32
2021-05-03,350000,TUNINDEX,7208.99,7164.2,0.63,7210.68,6596.32
2021-05-04,350000,TUNINDEX,7248.7,7208.99,0.55,7248.7,6596.32
2021-05-05,350000,TUNINDEX,7235.35,7248.7,-0.18,7248.7,6596.32
2021-05-06,350000,TUNINDEX,7266.72,7235.35,0.43,7266.72,6596.32
2021-05-07,350000,TUNINDEX,7250.68,7266.72,-0.22,7266.72,6596.32
2021-05-10,350000,TUNINDEX,7300.73,7250.68,0.69,7300.73,6596.32
2021-05-11,350000,TUNINDEX,7361.9,7300.73,0.84,7361.9,6596.32
2021-05-17,350000,TUNINDEX,7391.73,7361.9,0.41,7391.73,6596.32
2021-05-18,350000,TUNINDEX,7380.69,7391.73,-0.15,7391.73,6596.32
2021-05-19,350000,TUNINDEX,7390.17,7380.69,0.13,7391.73,6596.32
2021-05-20,350000,TUNINDEX,7406.55,7390.17,0.22,7406.55,6596.32
2021-05-21,350000,TUNINDEX,7428.53,7406.55,0.3,7428.53,6596.32
2021-05-24,350000,TUNINDEX,7426.18,7428.53,-0.03,7428.53,6596.32
2021-05-25,350000,TUNINDEX,7397.43,7426.18,-0.39,7428.53,6596.32
2021-05-26,350000,TUNINDEX,7387.26,7397.43,-0.14,7428.53,6596.32
2021-05-27,350000,TUNINDEX,7402.55,7387.26,0.21,7428.53,6596.32
2021-05-28,350000,TUNINDEX,7439.51,7402.55,0.5,7439.51,6596.32
2021-05-31,350000,TUNINDEX,7394.62,7439.51,-0.6,7439.51,6596.32
2021-06-01,350000,TUNINDEX,7400.39,7394.62,0.08,7439.51,6596.32
2021-06-02,350000,TUNINDEX,7373.34,7400.39,-0.37,7439.51,6596.32
2021-06-03,350000,TUNINDEX,7370.08,7373.34,-0.04,7439.51,6596.32
2021-06-04,350000,TUNINDEX,7367.44,7370.08,-0.04,7439.51,6596.32
2021-06-07,350000,TUNINDEX,7373.54,7367.44,0.08,7439.51,6596.32
2021-06-08,350000,TUNINDEX,7364.96,7373.54,-0.12,7439.51,6596.32
2021-06-09,350000,TUNINDEX,7367.46,7364.96,0.03,7439.51,6596.32
2021-06-10,350000,TUNINDEX,7376.68,7367.46,0.13,7439.51,6596.32
2021-06-11,350000,TUNINDEX,7379.13,7376.68,0.03,7439.51,6596.32
2021-06-14,350000,TUNINDEX,7384.74,7379.13,0.08,7439.51,6596.32
2021-06-15,350000,TUNINDEX,7360.63,7384.74,-0.33,7439.51,6596.32
2021-06-16,350000,TUNINDEX,7338.3,7360.63,-0.3,7439.51,6596.32
2021-06-17,350000,TUNINDEX,7326.34,7338.3,-0.16,7439.51,6596.32
2021-06-18,350000,TUNINDEX,7322.0,7326.34,-0.06,7439.51,6596.32
2021-06-21,350000,TUNINDEX,7323.15,7322.0,0.02,7439.51,6596.32
2021-06-22,350000,TUNINDEX,7323.84,7323.15,0.01,7439.51,6596.32
2021-06-23,350000,TUNINDEX,7311.45,7323.84,-0.17,7439.51,6596.32
2021-06-24,350000,TUNINDEX,7296.86,7311.45,-0.2,7439.51,6596.32
2021-06-25,350000,TUNINDEX,7304.18,7296.86,0.1,7439.51,6596.32
2021-06-28,350000,TUNINDEX,7296.06,7304.18,-0.11,7439.51,6596.32
2021-06-29,350000,TUNINDEX,7265.77,7296.06,-0.42,7439.51,6596.32
2021-06-30,350000,TUNINDEX,7245.73,7265.77,-0.28,7439.51,6596.32
2021-07-01,350000,TUNINDEX,7231.75,7245.73,-0.19,7439.51,6596.32
2021-07-02,350000,TUNINDEX,7234.71,7231.75,0.04,7439.51,6596.32
2021-07-05,350000,TUNINDEX,7235.05,7234.71,0.0,7439.51,6596.32
2021-07-06,350000,TUNINDEX,7246.27,7235.05,0.16,7439.51,6596.32
2021-07-07,350000,TUNINDEX,7255.77,7246.27,0.13,7439.51,6596.32
2021-07-08,350000,TUNINDEX,7271.69,7255.77,0.22,7439.51,6596.32
2021-07-09,350000,TUNINDEX,7256.35,7271.69,-0.21,7439.51,6596.32
2021-07-12,350000,TUNINDEX,7252.38,7256.35,-0.05,7439.51,6596.32
2021-07-13,350000,TUNINDEX,7251.03,7252.38,-0.02,7439.51,6596.32
2021-07-14,350000,TUNINDEX,7236.8,7251.03,-0.2,7439.51,6596.32
2021-07-15,350000,TUNINDEX,7227.03,7236.8,-0.14,7439.51,6596.32
2021-07-16,350000,TUNINDEX,7266.0,7227.03,0.54,7439.51,6596.32
2021-07-19,350000,TUNINDEX,7289.16,7266.0,0.32,7439.51,6596.32
2021-07-22,350000,TUNINDEX,7284.62,7289.16,-0.06,7439.51,6596.32
2021-07-23,350000,TUNINDEX,7284.92,7284.62,0.0,7439.51,6596.32
2021-07-26,350000,TUNINDEX,7235.94,7284.92,-0.67,7439.51,6596.32
2021-07-27,350000,TUNINDEX,7258.71,7235.94,0.31,7439.51,6596.32
2021-07-28,350000,TUNINDEX,7268.64,7258.71,0.14,7439.51,6596.32
2021-07-29,350000,TUNINDEX,7285.76,7268.64,0.24,7439.51,6596.32
2021-07-30,350000,TUNINDEX,7304.52,7285.76,0.26,7439.51,6596.32
2021-08-02,350000,TUNINDEX,7295.48,7304.52,-0.12,7439.51,6596.32
2021-08-03,350000,TUNINDEX,7289.26,7295.48,-0.09,7439.51,6596.32
2021-08-04,350000,TUNINDEX,7274.17,7289.26,-0.21,7439.51,6596.32
2021-08-05,350000,TUNINDEX,7293.18,7274.17,0.26,7439.51,6596.32
2021-08-06,350000,TUNINDEX,7299.45,7293.18,0.09,7439.51,6596.32
2021-08-09,350000,TUNINDEX,7309.61,7299.45,0.14,7439.51,6596.32
2021-08-11,350000,TUNINDEX,7282.41,7309.61,-0.37,7439.51,6596.32
2021-08-12,350000,TUNINDEX,7282.6,7282.41,0.0,7439.51,6596.32
2021-08-16,350000,TUNINDEX,7299.84,7282.6,0.24,7439.51,6596.32
2021-08-17,350000,TUNINDEX,7303.23,7299.84,0.05,7439.51,6596.32
2021-08-18,350000,TUNINDEX,7294.77,7303.23,-0.12,7439.51,6596.32
2021-08-19,350000,TUNINDEX,7313.03,7294.77,0.25,7439.51,6596.32
2021-08-20,350000,TUNINDEX,7322.92,7313.03,0.14,7439.51,6596.32
2021-08-23,350000,TUNINDEX,7301.34,7322.92,-0.29,7439.51,6596.32
2021-08-24,350000,TUNINDEX,7311.64,7301.34,0.14,7439.51,6596.32
2021-08-25,350000,TUNINDEX,7311.59,7311.64,0.0,7439.51,6596.32
2021-08-26,350000,TUNINDEX,7317.02,7311.59,0.07,7439.51,6596.32
2021-08-27,350000,TUNINDEX,7348.42,7317.02,0.43,7439.51,6596.32
2021-08-30,905001,TUNINDEX,7352.33,7348.42,0.05,7439.51,6596.32
2021-08-31,905001,TUNINDEX,7353.63,7352.33,0.02,7439.51,6596.32
2021-09-01,905001,TUNINDEX,7347.08,7353.63,-0.09,7439.51,6596.32
2021-09-02,905001,TUNINDEX,7336.52,7347.08,-0.14,7439.51,6596.32
2021-09-03,905001,TUNINDEX,7346.46,7336.52,0.14,7439.51,6596.32
2021-09-06,905001,TUNINDEX,7321.14,7346.46,-0.34,7439.51,6596.32
2021-09-07,905001,TUNINDEX,7297.91,7321.14,-0.32,7439.51,6596.32
2021-09-08,905001,TUNINDEX,7287.18,7297.91,-0.15,7439.51,6596.32
2022-01-03,905001,TUNINDEX,6976.87,7046.01,-0.981,6976.87,6976.87
2022-01-04,905001,TUNINDEX,6960.3,6976.87,-0.237,6976.87,6960.3
2022-01-05,905001,TUNINDEX,6975.52,6960.29,0.219,6976.87,6960.3
2022-01-06,905001,TUNINDEX,6961.66,6975.52,-0.199,6976.87,6960.3
2022-01-07,905001,TUNINDEX,6984.86,6961.65,0.333,6984.86,6960.3
2022-01-10,905001,TUNINDEX,6976.1,6984.85,-0.125,6984.86,6960.3
2022-01-11,905001,TUNINDEX,6992.64,6976.1,0.237,6992.64,6960.3
2022-01-12,905001,TUNINDEX,7028.3,6992.63,0.51,7028.3,6960.3
2022-01-13,905001,TUNINDEX,7075.52,7028.3,0.672,7075.52,6960.3
2022-01-14,905001,TUNINDEX,7099.65,7075.51,0.341,7099.65,6960.3
2022-01-17,905001,TUNINDEX,7085.86,7099.64,-0.194,7099.65,6960.3
2022-01-18,905001,TUNINDEX,7083.63,7085.85,-0.031,7099.65,6960.3
2022-01-19,905001,TUNINDEX,7082.5,708741.0,-99.001,7099.65,6960.3
2022-01-20,905001,TUNINDEX,7070.6,7082.5,-0.168,7099.65,6960.3
2022-01-21,905001,TUNINDEX,7072.22,7070.59,0.023,7099.65,6960.3
2022-01-24,905001,TUNINDEX,7104.21,7072.21,0.452,7104.21,6960.3
2022-01-25,905001,TUNINDEX,7090.46,7104.21,-0.194,7104.21,6960.3
2022-01-26,905001,TUNINDEX,7114.76,7090.45,0.343,7114.76,6960.3
2022-01-27,905001,TUNINDEX,7119.77,7114.75,0.071,7119.77,6960.3
2022-01-28,905001,TUNINDEX,7102.07,7119.76,-0.248,7119.77,6960.3
2022-01-31,905001,TUNINDEX,7092.84,7102.07,-0.13,7119.77,6960.3
2022-02-01,905001,TUNINDEX,7113.16,7092.84,0.286,7119.77,6960.3
2022-02-02,905001,TUNINDEX,7117.33,7113.16,0.059,7119.77,6960.3
2022-02-03,905001,TUNINDEX,7093.53,7117.32,-0.334,7119.77,6960.3
2022-02-04,905001,TUNINDEX,7092.51,7093.53,-0.014,7119.77,6960.3
2022-02-07,905001,TUNINDEX,7089.71,7092.5,-0.039,7119.77,6960.3
2022-02-08,905001,TUNINDEX,7094.99,7089.7,0.075,7119.77,6960.3
2022-02-09,905001,TUNINDEX,7113.72,7094.99,0.264,7119.77,6960.3
2022-02-10,905001,TUNINDEX,7117.18,7113.72,0.049,7119.77,6960.3
2022-02-11,905001,TUNINDEX,7124.29,7117.17,0.1,7124.29,6960.3
2022-02-14,905001,TUNINDEX,7118.62,7124.29,-0.08,7124.29,6960.3
2022-02-15,905001,TUNINDEX,7122.63,7118.61,0.056,7124.29,6960.3
2022-02-16,905001,TUNINDEX,7150.04,7122.63,0.385,7150.04,6960.3
2022-02-17,905001,TUNINDEX,7164.74,7150.04,0.206,7164.74,6960.3
2022-02-18,905001,TUNINDEX,7150.69,7164.74,-0.196,7164.74,6960.3
2022-02-21,905001,TUNINDEX,7152.56,7150.69,0.026,7164.74,6960.3
2022-02-22,905001,TUNINDEX,7129.42,7152.56,-0.324,7164.74,6960.3
2022-02-23,905001,TUNINDEX,7107.79,7129.42,-0.303,7164.74,6960.3
2022-02-24,905001,TUNINDEX,7067.78,7107.79,-0.563,7164.74,6960.3
2022-02-25,905001,TUNINDEX,7070.82,7067.78,0.043,7164.74,6960.3
2022-02-28,905001,TUNINDEX,7079.86,7070.82,0.128,7164.74,6960.3
2022-03-01,905001,TUNINDEX,7066.96,7079.86,-0.182,7164.74,6960.3
2022-03-02,905001,TUNINDEX,7131.69,7066.96,0.916,7164.74,6960.3
2022-03-03,905001,TUNINDEX,7130.31,7131.69,-0.019,7164.74,6960.3
2022-03-04,905001,TUNINDEX,7119.29,7130.31,-0.155,7164.74,6960.3
2022-03-07,905001,TUNINDEX,7117.45,7119.29,-0.026,7164.74,6960.3
2022-03-08,905001,TUNINDEX,7106.02,7117.45,-0.161,7164.74,6960.3
2022-03-09,905001,TUNINDEX,7074.2,7106.02,-0.448,7164.74,6960.3
2022-03-10,905001,TUNINDEX,7086.52,7074.2,0.174,7164.74,6960.3
2022-03-11,905001,TUNINDEX,7086.75,7086.52,0.003,7164.74,6960.3
2022-03-14,905001,TUNINDEX,7136.86,7086.75,0.707,7164.74,6960.3
2022-03-15,905001,TUNINDEX,7153.77,7136.86,0.237,7164.74,6960.3
2022-03-16,905001,TUNINDEX,7137.59,7153.77,-0.226,7164.74,6960.3
2022-03-17,905001,TUNINDEX,7158.42,7137.59,0.292,7164.74,6960.3
2022-03-18,905001,TUNINDEX,7131.99,7158.42,-0.369,7164.74,6960.3
2022-03-21,905001,TUNINDEX,7099.28,7131.99,-0.459,7164.74,6960.3
2022-03-22,905001,TUNINDEX,7098.51,7099.28,-0.011,7164.74,6960.3
2022-03-23,905001,TUNINDEX,7094.22,7098.51,-0.06,7164.74,6960.3
2022-03-24,905001,TUNINDEX,7108.1,7094.22,0.196,7164.74,6960.3
2022-03-25,905001,TUNINDEX,7131.36,7108.1,0.327,7164.74,6960.3
2022-03-28,905001,TUNINDEX,7070.25,7131.36,-0.857,7164.74,6960.3
2022-03-29,905001,TUNINDEX,7077.8,7070.25,0.107,7164.74,6960.3
2022-03-30,905001,TUNINDEX,7092.36,7077.8,0.206,7164.74,6960.3
2022-03-31,905001,TUNINDEX,7107.89,7092.36,0.219,7164.74,6960.3
2022-04-01,905001,TUNINDEX,7089.19,7107.89,-0.263,7164.74,6960.3
2022-04-04,905001,TUNINDEX,7092.61,7089.19,0.048,7164.74,6960.3
2022-04-05,905001,TUNINDEX,7111.0,7092.61,0.259,7164.74,6960.3
2022-04-06,905001,TUNINDEX,7125.85,7111.0,0.209,7164.74,6960.3
2022-04-07,905001,TUNINDEX,7150.05,7125.85,0.34,7164.74,6960.3
2022-04-08,905001,TUNINDEX,7149.44,7150.05,-0.009,7164.74,6960.3
2022-04-11,905001,TUNINDEX,7170.87,7149.44,0.3,7170.87,6960.3
2022-04-12,905001,TUNINDEX,7185.88,7170.87,0.209,7185.88,6960.3
2022-04-13,905001,TUNINDEX,7227.14,7185.88,0.574,7227.14,6960.3
2022-04-14,905001,TUNINDEX,7263.98,7227.14,0.51,7263.98,6960.3
2022-04-15,905001,TUNINDEX,7251.22,7263.98,-0.176,7263.98,6960.3
2022-04-18,905001,TUNINDEX,7234.86,7251.22,-0.226,7263.98,6960.3
2022-04-19,905001,TUNINDEX,7231.43,7234.86,-0.047,7263.98,6960.3
2022-04-20,905001,TUNINDEX,7235.03,7231.43,0.05,7263.98,6960.3
2022-04-21,905001,TUNINDEX,7237.45,7235.03,0.033,7263.98,6960.3
2022-04-22,905001,TUNINDEX,7224.72,7237.45,-0.176,7263.98,6960.3
2022-04-25,905001,TUNINDEX,7229.4,7224.72,0.065,7263.98,6960.3
2022-04-26,905001,TUNINDEX,7236.05,7229.4,0.092,7263.98,6960.3
2022-04-27,905001,TUNINDEX,7241.89,7236.05,0.081,7263.98,6960.3
2022-04-28,905001,TUNINDEX,7238.95,7241.89,-0.041,7263.98,6960.3
2022-04-29,905001,TUNINDEX,7256.15,7238.95,0.238,7263.98,6960.3
2022-05-04,905001,TUNINDEX,7301.67,7256.15,0.627,7301.67,6960.3
2022-05-05,905001,TUNINDEX,7276.15,7301.67,-0.35,7301.67,6960.3
2022-05-06,905001,TUNINDEX,7273.53,7276.15,-0.036,7301.67,6960.3
2022-05-09,905001,TUNINDEX,7278.44,7273.53,0.068,7301.67,6960.3
2022-05-10,905001,TUNINDEX,7302.35,7278.44,0.329,7302.35,6960.3
2022-05-11,905001,TUNINDEX,7269.58,7302.35,-0.449,7302.35,6960.3
2022-05-12,905001,TUNINDEX,7282.3,7269.58,0.175,7302.35,6960.3
2022-05-13,905001,TUNINDEX,7319.95,7282.3,0.517,7319.95,6960.3
2022-05-16,905001,TUNINDEX,7304.67,7319.95,-0.209,7319.95,6960.3
2022-05-17,905001,TUNINDEX,7280.3,7304.67,-0.334,7319.95,6960.3
2022-05-18,905001,TUNINDEX,7306.49,7280.3,0.36,7319.95,6960.3
2022-05-19,905001,TUNINDEX,7316.75,7306.49,0.14,7319.95,6960.3
2022-05-20,905001,TUNINDEX,7316.41,7316.75,-0.005,7319.95,6960.3
2022-05-23,905001,TUNINDEX,7320.98,7316.41,0.062,7320.98,6960.3
2022-05-24,905001,TUNINDEX,7333.62,7320.98,0.173,7333.62,6960.3
2022-05-25,905001,TUNINDEX,7363.55,7333.62,0.408,7363.55,6960.3
2022-05-26,905001,TUNINDEX,7359.56,7363.55,-0.054,7363.55,6960.3
2022-05-27,905001,TUNINDEX,7354.07,7359.56,-0.075,7363.55,6960.3
2022-05-30,905001,TUNINDEX,7372.93,7354.07,0.256,7372.93,6960.3
2022-05-31,905001,TUNINDEX,7377.0,7372.93,0.055,7377.0,6960.3
2022-06-01,905001,TUNINDEX,7382.03,7377.0,0.068,7382.03,6960.3
2022-06-02,905001,TUNINDEX,7369.95,7382.03,-0.164,7382.03,6960.3
2022-06-03,905001,TUNINDEX,7341.61,7369.95,-0.385,7382.03,6960.3
2022-06-06,905001,TUNINDEX,7340.67,7341.61,-0.013,7382.03,6960.3
2022-06-07,905001,TUNINDEX,7323.77,7340.67,-0.23,7382.03,6960.3
2022-06-08,905001,TUNINDEX,7339.29,7323.77,0.212,7382.03,6960.3
2022-06-09,905001,TUNINDEX,7342.63,7339.29,0.046,7382.03,6960.3
2022-06-10,905001,TUNINDEX,7349.28,7342.63,0.091,7382.03,6960.3
2022-06-13,905001,TUNINDEX,7367.77,7349.28,0.252,7382.03,6960.3
2022-06-14,905001,TUNINDEX,7385.26,7367.77,0.237,7385.26,6960.3
2022-06-15,905001,TUNINDEX,7418.56,7385.26,0.451,7418.56,6960.3
2022-06-16,905001,TUNINDEX,7481.56,7418.56,0.849,7481.56,6960.3
2022-06-17,905001,TUNINDEX,7458.6,7481.56,-0.307,7481.56,6960.3
2022-06-20,905001,TUNINDEX,7455.68,7458.6,-0.039,7481.56,6960.3
2022-06-21,905001,TUNINDEX,7463.06,7455.68,0.099,7481.56,6960.3
2022-06-22,905001,TUNINDEX,7543.77,7463.06,1.081,7543.77,6960.3
2022-06-23,905001,TUNINDEX,7561.47,7543.77,0.235,7561.47,6960.3
2022-06-24,905001,TUNINDEX,7541.63,7561.47,-0.262,7561.47,6960.3
2022-06-27,905001,TUNINDEX,7530.2,7541.63,-0.152,7561.47,6960.3
2022-06-28,905001,TUNINDEX,7520.34,7530.2,-0.131,7561.47,6960.3
2022-06-29,905001,TUNINDEX,7487.8,7520.34,-0.433,7561.47,6960.3
2022-06-30,905001,TUNINDEX,7486.52,7487.8,-0.017,7561.47,6960.3
2022-07-01,905001,TUNINDEX,7494.45,7486.52,0.106,7561.47,6960.3
2022-07-04,905001,TUNINDEX,7515.43,7494.45,0.28,7561.47,6960.3
2022-07-05,905001,TUNINDEX,7494.69,7515.43,-0.276,7561.47,6960.3
2022-07-06,905001,TUNINDEX,7514.54,7494.69,0.265,7561.47,6960.3
2022-07-07,905001,TUNINDEX,7514.55,7514.54,0.0,7561.47,6960.3
2022-07-08,905001,TUNINDEX,7519.31,7514.55,0.063,7561.47,6960.3
2022-07-11,905001,TUNINDEX,7525.98,7519.31,0.089,7561.47,6960.3
2022-07-12,905001,TUNINDEX,7529.58,7525.98,0.048,7561.47,6960.3
2022-07-13,905001,TUNINDEX,7544.41,7529.58,0.197,7561.47,6960.3
2022-07-14,905001,TUNINDEX,7556.64,7544.41,0.162,7561.47,6960.3
2022-07-15,905001,TUNINDEX,7580.97,7556.64,0.322,7580.97,6960.3
2022-07-18,905001,TUNINDEX,7585.01,7580.97,0.053,7585.01,6960.3
2022-07-19,905001,TUNINDEX,7562.91,7585.01,-0.291,7585.01,6960.3
2022-07-20,905001,TUNINDEX,7597.61,7562.91,0.459,7597.61,6960.3
2022-07-21,905001,TUNINDEX,7618.04,7597.61,0.269,7618.04,6960.3
2022-07-22,905001,TUNINDEX,7669.02,7618.04,0.669,7669.02,6960.3
2022-07-26,905001,TUNINDEX,7694.17,7669.02,0.328,7694.17,6960.3
2022-07-27,905001,TUNINDEX,7693.46,7694.17,-0.009,7694.17,6960.3
2022-07-28,905001,TUNINDEX,7700.39,7693.46,0.09,7700.39,6960.3
2022-07-29,905001,TUNINDEX,7731.77,7700.39,0.408,7731.77,6960.3
2022-08-01,905001,TUNINDEX,7749.15,7731.77,0.225,7749.15,6960.3
2022-08-02,905001,TUNINDEX,7746.47,7749.15,-0.035,7749.15,6960.3
2022-08-03,905001,TUNINDEX,7754.08,7746.47,0.098,7754.08,6960.3
2022-08-04,905001,TUNINDEX,7772.63,7754.08,0.239,7772.63,6960.3
2022-08-05,905001,TUNINDEX,7749.59,7772.63,-0.296,7772.63,6960.3
2022-08-08,905001,TUNINDEX,7756.56,7749.59,0.09,7772.63,6960.3
2022-08-09,905001,TUNINDEX,7761.14,7756.56,0.059,7772.63,6960.3
2022-08-10,905001,TUNINDEX,7780.26,7761.14,0.246,7780.26,6960.3
2022-08-11,905001,TUNINDEX,7782.46,7780.26,0.028,7782.46,6960.3
2022-08-12,905001,TUNINDEX,7804.99,7782.46,0.289,7804.99,6960.3
2022-08-15,905001,TUNINDEX,7803.96,7804.99,-0.013,7804.99,6960.3
2022-08-16,905001,TUNINDEX,7832.23,7803.96,0.362,7832.23,6960.3
2022-08-17,905001,TUNINDEX,7841.19,7832.23,0.114,7841.19,6960.3
2022-08-18,905001,TUNINDEX,7916.7,7841.19,0.963,7916.7,6960.3
2022-08-19,905001,TUNINDEX,7930.55,7916.7,0.175,7930.55,6960.3
2022-08-22,905001,TUNINDEX,7915.81,7930.55,-0.186,7930.55,6960.3
2022-08-23,905001,TUNINDEX,7912.17,7915.81,-0.046,7930.55,6960.3
2022-08-24,905001,TUNINDEX,7917.25,7912.17,0.064,7930.55,6960.3
2022-08-25,905001,TUNINDEX,7945.51,7917.25,0.357,7945.51,6960.3
2022-08-26,905001,TUNINDEX,7971.79,7945.51,0.331,7971.79,6960.3
2022-08-29,905001,TUNINDEX,8001.34,7971.79,0.371,8001.34,6960.3
2022-08-30,905001,TUNINDEX,8012.46,8001.34,0.139,8012.46,6960.3
2022-08-31,905001,TUNINDEX,8107.28,8012.46,1.183,8107.28,6960.3
2022-09-01,905001,TUNINDEX,8133.69,8107.28,0.326,8133.69,6960.3
2022-09-02,905001,TUNINDEX,8105.03,8133.69,-0.352,8133.69,6960.3
2022-09-05,905001,TUNINDEX,8113.56,8105.03,0.105,8133.69,6960.3
2022-09-06,905001,TUNINDEX,8128.61,8113.56,0.185,8133.69,6960.3
2022-09-07,905001,TUNINDEX,8216.78,8128.61,1.085,8216.78,6960.3
2022-09-08,905001,TUNINDEX,8192.26,8216.78,-0.298,8216.78,6960.3
2022-09-09,905001,TUNINDEX,8201.1,8192.26,0.108,8216.78,6960.3
2022-09-12,905001,TUNINDEX,8185.34,8201.1,-0.192,8216.78,6960.3
2022-09-13,905001,TUNINDEX,8183.05,8185.34,-0.028,8216.78,6960.3
2022-09-14,905001,TUNINDEX,8178.69,8183.05,-0.053,8216.78,6960.3
2022-09-15,905001,TUNINDEX,8151.56,8178.69,-0.332,8216.78,6960.3
2022-09-16,905001,TUNINDEX,8126.54,8151.56,-0.307,8216.78,6960.3
2022-09-19,905001,TUNINDEX,8126.3,8126.54,-0.003,8216.78,6960.3
2022-09-20,905001,TUNINDEX,8124.05,8126.3,-0.028,8216.78,6960.3
2022-09-21,905001,TUNINDEX,8165.04,8124.05,0.505,8216.78,6960.3
2022-09-22,905001,TUNINDEX,8155.53,8165.04,-0.116,8216.78,6960.3
2022-09-23,905001,TUNINDEX,8192.23,8155.53,0.45,8216.78,6960.3
2022-09-26,905001,TUNINDEX,8268.24,8192.23,0.928,8268.24,6960.3
2022-09-27,905001,TUNINDEX,8304.16,8268.24,0.434,8304.16,6960.3
2022-09-28,905001,TUNINDEX,8321.12,8304.16,0.204,8321.12,6960.3
2022-09-29,905001,TUNINDEX,8351.17,8321.12,0.361,8351.17,6960.3
2022-09-30,905001,TUNINDEX,8322.53,8351.17,-0.343,8351.17,6960.3
2022-10-03,905001,TUNINDEX,8304.77,8322.53,-0.213,8351.17,6960.3
2022-10-04,905001,TUNINDEX,8241.61,8304.77,-0.761,8351.17,6960.3
2022-10-05,905001,TUNINDEX,8170.06,8241.61,-0.868,8351.17,6960.3
2022-10-06,905001,TUNINDEX,8167.32,8170.06,-0.034,8351.17,6960.3
2022-10-07,905001,TUNINDEX,8109.48,8167.32,-0.708,8351.17,6960.3
2022-10-10,905001,TUNINDEX,8144.16,8109.48,0.428,8351.17,6960.3
2022-10-11,905001,TUNINDEX,8157.72,8144.16,0.166,8351.17,6960.3
2022-10-12,905001,TUNINDEX,8101.49,8157.72,-0.689,8351.17,6960.3
2022-10-13,905001,TUNINDEX,8109.13,8101.49,0.094,8351.17,6960.3
2022-10-14,905001,TUNINDEX,8125.17,8109.13,0.198,8351.17,6960.3
2022-10-17,905001,TUNINDEX,8130.79,8125.17,0.069,8351.17,6960.3
2022-10-18,905001,TUNINDEX,8126.83,8130.79,-0.049,8351.17,6960.3
2022-10-19,905001,TUNINDEX,8118.04,8126.83,-0.108,8351.17,6960.3
2022-10-20,905001,TUNINDEX,8103.47,8118.04,-0.179,8351.17,6960.3
2022-10-21,905001,TUNINDEX,8121.67,8103.47,0.225,8351.17,6960.3
2022-10-24,905001,TUNINDEX,8126.59,8121.67,0.061,8351.17,6960.3
2022-10-25,905001,TUNINDEX,8144.61,8126.59,0.222,8351.17,6960.3
2022-10-26,905001,TUNINDEX,8172.44,8144.61,0.342,8351.17,6960.3
2022-10-27,905001,TUNINDEX,8170.31,8172.44,-0.026,8351.17,6960.3
2022-10-28,905001,TUNINDEX,8194.43,8170.31,0.295,8351.17,6960.3
2022-10-31,905001,TUNINDEX,8222.5,8194.43,0.343,8351.17,6960.3
2022-11-01,905001,TUNINDEX,8268.38,8222.5,0.558,8351.17,6960.3
2022-11-02,905001,TUNINDEX,8248.77,8268.38,-0.237,8351.17,6960.3
2022-11-03,905001,TUNINDEX,8245.99,8248.77,-0.034,8351.17,6960.3
2022-11-04,905001,TUNINDEX,8228.5,8245.99,-0.212,8351.17,6960.3
2022-11-07,905001,TUNINDEX,8222.15,8228.5,-0.077,8351.17,6960.3
2022-11-08,905001,TUNINDEX,8221.31,8222.15,-0.01,8351.17,6960.3
2022-11-09,905001,TUNINDEX,8186.4,8221.31,-0.425,8351.17,6960.3
2022-11-10,905001,TUNINDEX,8162.81,8186.4,-0.288,8351.17,6960.3
2022-11-11,905001,TUNINDEX,8125.42,8162.81,-0.458,8351.17,6960.3
2022-11-14,905001,TUNINDEX,8136.88,8125.42,0.141,8351.17,6960.3
2022-11-15,905001,TUNINDEX,8090.22,8136.88,-0.573,8351.17,6960.3
2022-11-16,905001,TUNINDEX,8061.24,8090.22,-0.358,8351.17,6960.3
2022-11-17,905001,TUNINDEX,8054.14,8061.24,-0.088,8351.17,6960.3
2022-11-18,905001,TUNINDEX,8076.418,8054.145,0.277,8351.17,6960.3
2022-11-21,905001,TUNINDEX,8113.03,8076.42,0.453,8351.17,6960.3
2022-11-22,905001,TUNINDEX,8096.96,8113.03,-0.198,8351.17,6960.3
2022-11-23,905001,TUNINDEX,8090.29,8096.96,-0.082,8351.17,6960.3
2022-11-24,905001,TUNINDEX,8079.87,8090.29,-0.129,8351.17,6960.3
2022-11-25,905001,TUNINDEX,8075.79,8079.87,-0.05,8351.17,6960.3
2022-11-28,905001,TUNINDEX,8096.86,8075.79,0.261,8351.17,6960.3
2022-11-29,905001,TUNINDEX,8093.44,8096.86,-0.042,8351.17,6960.3
2022-11-30,905001,TUNINDEX,8084.58,8093.44,-0.109,8351.17,6960.3
2022-12-01,905001,TUNINDEX,8066.15,8084.58,-0.228,8351.17,6960.3
2022-12-02,905001,TUNINDEX,8066.162,8066.15,0.0,8351.17,6960.3
2022-12-05,905001,TUNINDEX,8078.71,8066.162,0.156,8351.17,6960.3
2022-12-06,905001,TUNINDEX,8050.42,8078.71,-0.35,8351.17,6960.3
2022-12-07,905001,TUNINDEX,8034.65,8050.42,-0.196,8351.17,6960.3
2022-12-08,905001,TUNINDEX,8029.84,8034.65,-0.06,8351.17,6960.3
2022-12-09,905001,TUNINDEX,8068.08,8029.84,0.476,8351.17,6960.3
2022-12-12,905001,TUNINDEX,8118.49,8068.08,0.625,8351.17,6960.3
2022-12-13,905001,TUNINDEX,8109.61,8118.49,-0.109,8351.17,6960.3
2022-12-14,905001,TUNINDEX,8108.19,8109.61,-0.018,8351.17,6960.3
2022-12-15,905001,TUNINDEX,8111.91,8108.19,0.046,8351.17,6960.3
2022-12-16,905001,TUNINDEX,8121.79,8111.91,0.122,8351.17,6960.3
2022-12-19,905001,TUNINDEX,8133.08,8121.79,0.139,8351.17,6960.3
2022-12-20,905001,TUNINDEX,8126.26,8133.08,-0.084,8351.17,6960.3
2022-12-21,905001,TUNINDEX,8100.93,8126.26,-0.312,8351.17,6960.3
2022-12-22,905001,TUNINDEX,8098.8,8100.93,-0.026,8351.17,6960.3
2022-12-23,905001,TUNINDEX,8074.6,8098.8,-0.299,8351.17,6960.3
2022-12-26,905001,TUNINDEX,8067.381,8074.6,-0.089,8351.17,6960.3
2022-12-27,905001,TUNINDEX,8085.649,8067.381,0.226,8351.17,6960.3
2022-12-28,905001,TUNINDEX,8073.042,8085.649,-0.156,8351.17,6960.3
2022-12-29,905001,TUNINDEX,8112.69,8073.042,0.491,8351.17,6960.3
2022-12-30,905001,TUNINDEX,8109.677,8112.69,-0.037,8351.17,6960.3
2023-01-02,905001,TUNINDEX,8094.198,8109.677,-0.191,8094.198,8094.198
2023-01-03,905001,TUNINDEX,8069.255,8094.198,-0.308,8094.198,8069.255
2023-01-04,905001,TUNINDEX,8048.699,8069.255,-0.255,8094.198,8048.699
2023-01-05,905001,TUNINDEX,8087.563,8048.699,0.483,8094.198,8048.699
2023-01-06,905001,TUNINDEX,8105.781,8087.563,0.225,8105.781,8048.699
2023-01-09,905001,TUNINDEX,8106.585,8105.781,0.01,8106.585,8048.699
2023-01-10,905001,TUNINDEX,8105.898,8106.585,-0.008,8106.585,8048.699
2023-01-11,905001,TUNINDEX,8116.307,8105.898,0.128,8116.307,8048.699
2023-01-12,905001,TUNINDEX,8237.828,8116.307,1.497,8237.828,8048.699
2023-01-13,905001,TUNINDEX,8287.211,8237.828,0.599,8287.211,8048.699
2023-01-16,905001,TUNINDEX,8302.199,8287.211,0.181,8302.199,8048.699
2023-01-17,905001,TUNINDEX,8282.308,8302.199,-0.24,8302.199,8048.699
2023-01-18,905001,TUNINDEX,8230.546,8282.308,-0.625,8302.199,8048.699
2023-01-19,905001,TUNINDEX,8229.787,8230.546,-0.009,8302.199,8048.699
2023-01-20,905001,TUNINDEX,8248.482,8229.787,0.227,8302.199,8048.699
2023-01-23,905001,TUNINDEX,8203.967,8248.482,-0.54,8302.199,8048.699
2023-01-24,905001,TUNINDEX,8235.562,8203.967,0.385,8302.199,8048.699
2023-01-25,905001,TUNINDEX,8223.824,8235.562,-0.143,8302.199,8048.699
2023-01-26,905001,TUNINDEX,8271.984,8223.824,0.586,8302.199,8048.699
2023-01-27,905001,TUNINDEX,8350.479,8271.984,0.949,8350.479,8048.699
2023-01-30,905001,TUNINDEX,8315.256,8350.479,-0.422,8350.479,8048.699
2023-01-31,905001,TUNINDEX,8277.332,8315.256,-0.456,8350.479,8048.699
2023-02-01,905001,TUNINDEX,8240.43,8277.332,-0.446,8350.479,8048.699
2023-02-02,905001,TUNINDEX,8188.489,8240.43,-0.63,8350.479,8048.699
2023-02-03,905001,TUNINDEX,8220.063,8188.489,0.386,8350.479,8048.699
2023-02-06,905001,TUNINDEX,8205.25,8220.063,-0.18,8350.479,8048.699
2023-02-07,905001,TUNINDEX,8178.366,8205.25,-0.328,8350.479,8048.699
2023-02-08,905001,TUNINDEX,8120.121,8178.366,-0.712,8350.479,8048.699
2023-02-09,905001,TUNINDEX,8071.075,8120.121,-0.604,8350.479,8048.699
2023-02-10,905001,TUNINDEX,8048.989,8071.075,-0.274,8350.479,8048.699
2023-02-13,905001,TUNINDEX,8101.455,8048.989,0.652,8350.479,8048.699
2023-02-14,905001,TUNINDEX,8161.986,8101.455,0.747,8350.479,8048.699
2023-02-15,905001,TUNINDEX,8121.332,8161.986,-0.498,8350.479,8048.699
2023-02-16,905001,TUNINDEX,8126.22,8121.332,0.06,8350.479,8048.699
2023-02-17,905001,TUNINDEX,8131.734,8126.22,0.068,8350.479,8048.699
2023-02-20,905001,TUNINDEX,8099.487,8131.734,-0.397,8350.479,8048.699
2023-02-21,905001,TUNINDEX,8089.662,8099.487,-0.121,8350.479,8048.699
2023-02-22,905001,TUNINDEX,8045.396,8089.662,-0.547,8350.479,8045.396
2023-02-23,905001,TUNINDEX,8040.279,8045.396,-0.064,8350.479,8040.279
2023-02-24,905001,TUNINDEX,8040.883,8040.279,0.008,8350.479,8040.279
2023-02-27,905001,TUNINDEX,8021.0,8040.883,-0.247,8350.479,8021.0
2023-02-28,905001,TUNINDEX,8044.815,8021.0,0.297,8350.479,8021.0
2023-03-01,905001,TUNINDEX,8034.446,8044.815,-0.129,8350.479,8021.0
2023-03-02,905001,TUNINDEX,8083.41,8034.446,0.609,8350.479,8021.0
2023-03-03,905001,TUNINDEX,8101.07,8083.41,0.218,8350.479,8021.0
2023-03-06,905001,TUNINDEX,8131.783,8101.07,0.379,8350.479,8021.0
2023-03-07,905001,TUNINDEX,8105.624,8131.783,-0.322,8350.479,8021.0
2023-03-08,905001,TUNINDEX,8092.052,8105.624,-0.167,8350.479,8021.0
2023-03-09,905001,TUNINDEX,8109.473,8092.052,0.215,8350.479,8021.0
2023-03-10,905001,TUNINDEX,8086.275,8109.473,-0.286,8350.479,8021.0
2023-03-13,905001,TUNINDEX,8089.507,8086.275,0.04,8350.479,8021.0
2023-03-14,905001,TUNINDEX,8100.495,8089.507,0.136,8350.479,8021.0
2023-03-15,905001,TUNINDEX,8093.365,8100.495,-0.088,8350.479,8021.0
2023-03-16,905001,TUNINDEX,8081.02,8093.365,-0.153,8350.479,8021.0
2023-03-17,905001,TUNINDEX,8076.185,8081.02,-0.06,8350.479,8021.0
2023-03-21,905001,TUNINDEX,8046.786,8076.185,-0.364,8350.479,8021.0
2023-03-22,905001,TUNINDEX,8013.474,8046.786,-0.414,8350.479,8013.474
2023-03-23,905001,TUNINDEX,8043.791,8013.474,0.378,8350.479,8013.474
2023-03-24,905001,TUNINDEX,8069.111,8043.791,0.315,8350.479,8013.474
2023-03-27,905001,TUNINDEX,8104.22,8069.111,0.435,8350.479,8013.474
2023-03-28,905001,TUNINDEX,8095.512,8104.22,-0.107,8350.479,8013.474
2023-03-29,905001,TUNINDEX,8116.274,8095.512,0.256,8350.479,8013.474
2023-03-30,905001,TUNINDEX,8122.637,8116.274,0.078,8350.479,8013.474
2023-03-31,905001,TUNINDEX,8128.741,8122.637,0.075,8350.479,8013.474
2023-04-03,905001,TUNINDEX,8133.318,8128.741,0.056,8350.479,8013.474
2023-04-04,905001,TUNINDEX,8212.298,8133.318,0.971,8350.479,8013.474
2023-04-05,905001,TUNINDEX,8249.802,8212.298,0.457,8350.479,8013.474
2023-04-06,905001,TUNINDEX,8221.232,8249.802,-0.346,8350.479,8013.474
2023-04-07,905001,TUNINDEX,8237.989,8221.232,0.204,8350.479,8013.474
2023-04-10,905001,TUNINDEX,8225.852,8237.989,-0.147,8350.479,8013.474
2023-04-11,905001,TUNINDEX,8230.882,8225.852,0.061,8350.479,8013.474
2023-04-12,905001,TUNINDEX,8211.459,8230.882,-0.236,8350.479,8013.474
2023-04-13,905001,TUNINDEX,8201.232,8211.459,-0.125,8350.479,8013.474
2023-04-14,905001,TUNINDEX,8149.2,8201.232,-0.634,8350.479,8013.474
2023-04-17,905001,TUNINDEX,8141.595,8149.2,-0.093,8350.479,8013.474
2023-04-18,905001,TUNINDEX,8221.746,8141.595,0.984,8350.479,8013.474
2023-04-19,905001,TUNINDEX,8205.802,8221.746,-0.194,8350.479,8013.474
2023-04-20,905001,TUNINDEX,8240.477,8205.802,0.423,8350.479,8013.474
2023-04-24,905001,TUNINDEX,8245.709,8240.477,0.063,8350.479,8013.474
2023-04-25,905001,TUNINDEX,8275.524,8245.709,0.362,8350.479,8013.474
2023-04-26,905001,TUNINDEX,8266.531,8275.524,-0.109,8350.479,8013.474
2023-04-27,905001,TUNINDEX,8304.089,8266.531,0.454,8350.479,8013.474
2023-04-28,905001,TUNINDEX,8278.662,8304.089,-0.306,8350.479,8013.474
2023-05-02,905001,TUNINDEX,8294.898,8278.662,0.196,8350.479,8013.474
2023-05-03,905001,TUNINDEX,8355.216,8294.898,0.727,8355.216,8013.474
2023-05-04,905001,TUNINDEX,8356.611,8355.216,0.017,8356.611,8013.474
2023-05-05,905001,TUNINDEX,8365.657,8356.611,0.108,8365.657,8013.474
2023-05-08,905001,TUNINDEX,8373.604,8365.657,0.095,8373.604,8013.474
2023-05-09,905001,TUNINDEX,8390.047,8373.604,0.196,8390.047,8013.474
2023-05-10,905001,TUNINDEX,8387.874,8390.047,-0.026,8390.047,8013.474
2023-05-11,905001,TUNINDEX,8402.089,8387.874,0.169,8402.089,8013.474
2023-05-12,905001,TUNINDEX,8356.645,8402.089,-0.541,8402.089,8013.474
2023-05-15,905001,TUNINDEX,8369.771,8356.645,0.157,8402.089,8013.474
2023-05-16,905001,TUNINDEX,8415.793,8369.771,0.55,8415.793,8013.474
2023-05-17,905001,TUNINDEX,8464.664,8415.793,0.581,8464.664,8013.474
2023-05-18,905001,TUNINDEX,8491.774,8464.664,0.32,8491.774,8013.474
2023-05-19,905001,TUNINDEX,8542.709,8491.774,0.6,8542.709,8013.474
2023-05-22,905001,TUNINDEX,8551.165,8542.709,0.099,8551.165,8013.474
2023-05-23,905001,TUNINDEX,8577.074,8551.165,0.303,8577.074,8013.474
2023-05-24,905001,TUNINDEX,8588.033,8577.074,0.128,8588.033,8013.474
2023-05-25,905001,TUNINDEX,8667.732,8588.033,0.928,8667.732,8013.474
2023-05-26,905001,TUNINDEX,8676.904,8667.732,0.106,8676.904,8013.474
2023-05-29,905001,TUNINDEX,8697.617,8676.904,0.239,8697.617,8013.474
2023-05-30,905001,TUNINDEX,8717.566,8697.617,0.229,8717.566,8013.474
2023-05-31,905001,TUNINDEX,8730.712,8717.566,0.151,8730.712,8013.474
2023-06-01,905001,TUNINDEX,8805.555,8730.712,0.857,8805.555,8013.474
2023-06-02,905001,TUNINDEX,8813.473,8805.555,0.09,8813.473,8013.474
2023-06-05,905001,TUNINDEX,8825.911,8813.473,0.141,8825.911,8013.474
2023-06-06,905001,TUNINDEX,8795.27,8825.911,-0.347,8828.129,8013.474
2023-06-07,905001,TUNINDEX,8775.159,8795.27,-0.229,8828.129,8013.474
2023-06-08,905001,TUNINDEX,8777.914,8775.159,0.031,8828.129,8013.474
2023-06-09,905001,TUNINDEX,8783.526,8777.914,0.064,8828.129,8013.474
2023-06-12,905001,TUNINDEX,8797.18,8783.526,0.155,8828.129,8013.474
2023-06-13,905001,TUNINDEX,8822.32,8797.18,0.286,8828.129,8013.474
2023-06-14,905001,TUNINDEX,8818.461,8822.32,-0.044,8828.129,8013.474
2023-06-15,905001,TUNINDEX,8814.698,8818.461,-0.043,8828.129,8013.474
2023-06-16,905001,TUNINDEX,8816.275,8814.698,0.018,8828.129,8013.474
2023-06-19,905001,TUNINDEX,8781.811,8816.275,-0.391,8828.129,8013.474
2023-06-20,905001,TUNINDEX,8867.967,8781.811,0.981,8867.967,8013.474
2023-06-21,905001,TUNINDEX,8894.486,8867.967,0.299,8894.486,8013.474
2023-06-22,905001,TUNINDEX,8905.083,8894.486,0.119,8905.083,8013.474
2023-06-23,905001,TUNINDEX,8925.268,8905.083,0.227,8925.268,8013.474
2023-06-26,905001,TUNINDEX,8910.778,8925.268,-0.162,8925.268,8013.474
2023-06-27,905001,TUNINDEX,8926.141,8910.778,0.172,8926.141,8013.474
2023-06-30,905001,TUNINDEX,8958.463,8926.141,0.362,8958.463,8013.474
2023-07-03,905001,TUNINDEX,8963.662,8958.463,0.058,8963.662,8013.474
2023-07-04,905001,TUNINDEX,8968.445,8963.662,0.053,8968.445,8013.474
2023-07-05,905001,TUNINDEX,8988.031,8968.445,0.218,8988.031,8013.474
2023-07-06,905001,TUNINDEX,8994.681,8988.031,0.074,8994.681,8013.474
2023-07-07,905001,TUNINDEX,9019.563,8994.681,0.277,9019.563,8013.474
2023-07-10,905001,TUNINDEX,9030.4,9019.563,0.12,9030.4,8013.474
2023-07-11,905001,TUNINDEX,9017.882,9030.4,-0.139,9030.4,8013.474
2023-07-12,905001,TUNINDEX,9009.001,9017.882,-0.098,9030.4,8013.474
2023-07-13,905001,TUNINDEX,8980.112,9009.001,-0.321,9030.4,8013.474
2023-07-14,905001,TUNINDEX,8968.442,8980.112,-0.13,9030.4,8013.474
2023-07-17,905001,TUNINDEX,8991.68,8968.442,0.259,9030.4,8013.474
2023-07-18,905001,TUNINDEX,8993.184,8991.68,0.017,9030.4,8013.474
2023-07-20,905001,TUNINDEX,8992.105,8993.184,-0.012,9030.4,8013.474
2023-07-21,905001,TUNINDEX,9017.916,8992.105,0.287,9030.4,8013.474
2023-07-24,905001,TUNINDEX,9025.407,9017.916,0.083,9030.4,8013.474
2023-07-26,905001,TUNINDEX,9029.739,9025.407,0.048,9030.4,8013.474
2023-07-27,905001,TUNINDEX,9028.277,9029.739,-0.016,9030.4,8013.474
2023-07-28,905001,TUNINDEX,9044.355,9028.277,0.178,9044.355,8013.474
2023-07-31,905001,TUNINDEX,9027.123,9044.355,-0.191,9044.355,8013.474
2023-08-01,905001,TUNINDEX,8993.022,9027.123,-0.378,9044.355,8013.474
2023-08-02,905001,TUNINDEX,8965.221,8993.022,-0.309,9044.355,8013.474
2023-08-03,905001,TUNINDEX,8962.791,8965.221,-0.027,9044.355,8013.474
2023-08-04,905001,TUNINDEX,8917.723,8962.791,-0.503,9044.355,8013.474
2023-08-07,905001,TUNINDEX,8920.399,8917.723,0.03,9044.355,8013.474
2023-08-08,905001,TUNINDEX,8914.1,8920.399,-0.071,9044.355,8013.474
2023-08-09,905001,TUNINDEX,8898.262,8914.1,-0.178,9044.355,8013.474
2023-08-10,905001,TUNINDEX,8901.737,8898.262,0.039,9044.355,8013.474
2023-08-11,905001,TUNINDEX,8892.979,8901.737,-0.098,9044.355,8013.474
2023-08-14,905001,TUNINDEX,8906.089,8892.979,0.147,9044.355,8013.474
2023-08-15,905001,TUNINDEX,8924.43,8906.089,0.206,9044.355,8013.474
2023-08-16,905001,TUNINDEX,8895.534,8924.43,-0.324,9044.355,8013.474
2023-08-17,905001,TUNINDEX,8884.058,8895.534,-0.129,9044.355,8013.474
2023-08-18,905001,TUNINDEX,8883.712,8884.058,-0.004,9044.355,8013.474
2023-08-21,905001,TUNINDEX,8899.472,8883.712,0.177,9044.355,8013.474
2023-08-22,905001,TUNINDEX,8885.99,8899.472,-0.151,9044.355,8013.474
2023-08-23,905001,TUNINDEX,8869.443,8885.99,-0.186,9044.355,8013.474
2023-08-24,905001,TUNINDEX,8920.026,8869.443,0.57,9044.355,8013.474
2023-08-25,905001,TUNINDEX,8849.39,8920.026,-0.792,9044.355,8013.474
2023-08-28,905001,TUNINDEX,8899.219,8849.39,0.563,9044.355,8013.474
2023-08-29,905001,TUNINDEX,8896.062,8899.219,-0.035,9044.355,8013.474
2023-08-30,905001,TUNINDEX,8911.593,8896.062,0.175,9044.355,8013.474
2023-08-31,905001,TUNINDEX,8939.323,8911.593,0.311,9044.355,8013.474
2023-09-01,905001,TUNINDEX,8942.579,8939.323,0.036,9044.355,8013.474
2023-09-04,905001,TUNINDEX,8941.709,8942.579,-0.01,9044.355,8013.474
2023-09-05,905001,TUNINDEX,8972.929,8941.709,0.349,9044.355,8013.474
2023-09-06,905001,TUNINDEX,8975.284,8972.929,0.026,9044.355,8013.474
2023-09-07,905001,TUNINDEX,8954.554,8975.284,-0.231,9044.355,8013.474
2023-09-08,905001,TUNINDEX,8968.816,8954.554,0.159,9044.355,8013.474
2023-09-11,905001,TUNINDEX,8940.983,8968.816,-0.31,9044.355,8013.474
2023-09-12,905001,TUNINDEX,8899.556,8940.983,-0.463,9044.355,8013.474
2023-09-13,905001,TUNINDEX,8878.884,8899.556,-0.232,9044.355,8013.474
2023-09-14,905001,TUNINDEX,8876.394,8878.884,-0.028,9044.355,8013.474
2023-09-15,905001,TUNINDEX,8819.359,8876.394,-0.643,9044.355,8013.474
2023-09-18,905001,TUNINDEX,8774.994,8819.359,-0.503,9044.355,8013.474
2023-09-19,905001,TUNINDEX,8732.741,8774.994,-0.482,9044.355,8013.474
2023-09-20,905001,TUNINDEX,8669.432,8732.741,-0.725,9044.355,8013.474
2023-09-21,905001,TUNINDEX,8544.935,8669.432,-1.436,9044.355,8013.474
2023-09-22,905001,TUNINDEX,8498.516,8544.935,-0.543,9044.355,8013.474
2023-09-25,905001,TUNINDEX,8428.574,8498.516,-0.823,9044.355,8013.474
2023-09-26,905001,TUNINDEX,8450.199,8428.574,0.257,9044.355,8013.474
2023-09-28,905001,TUNINDEX,8443.325,8450.199,-0.081,9044.355,8013.474
2023-09-29,905001,TUNINDEX,8458.429,8443.325,0.179,9044.355,8013.474
2023-10-02,905001,TUNINDEX,8487.206,8458.429,0.34,9044.355,8013.474
2023-10-03,905001,TUNINDEX,8478.341,8487.206,-0.104,9044.355,8013.474
2023-10-04,905001,TUNINDEX,8481.904,8478.341,0.042,9044.355,8013.474
2023-10-05,905001,TUNINDEX,8478.511,8481.904,-0.04,9044.355,8013.474
2023-10-06,905001,TUNINDEX,8481.23,8478.511,0.032,9044.355,8013.474
2023-10-09,905001,TUNINDEX,8458.008,8481.23,-0.274,9044.355,8013.474
2023-10-10,905001,TUNINDEX,8473.09,8458.008,0.178,9044.355,8013.474
2023-10-11,905001,TUNINDEX,8458.972,8473.09,-0.167,9044.355,8013.474
2023-10-12,905001,TUNINDEX,8465.733,8458.972,0.08,9044.355,8013.474
2023-10-13,905001,TUNINDEX,8486.357,8465.733,0.244,9044.355,8013.474
2023-10-16,905001,TUNINDEX,8491.038,8486.357,0.055,9044.355,8013.474
2023-10-17,905001,TUNINDEX,8487.125,8491.038,-0.046,9044.355,8013.474
2023-10-18,905001,TUNINDEX,8500.935,8487.125,0.163,9044.355,8013.474
2023-10-19,905001,TUNINDEX,8446.483,8500.935,-0.641,9044.355,8013.474
2023-10-20,905001,TUNINDEX,8446.455,8446.483,0.0,9044.355,8013.474
2023-10-23,905001,TUNINDEX,8494.875,8446.455,0.573,9044.355,8013.474
2023-10-24,905001,TUNINDEX,8494.25,8494.875,-0.007,9044.355,8013.474
2023-10-25,905001,TUNINDEX,8445.266,8494.25,-0.577,9044.355,8013.474
2023-10-26,905001,TUNINDEX,8449.408,8445.266,0.049,9044.355,8013.474
2023-10-27,905001,TUNINDEX,8438.861,8449.408,-0.125,9044.355,8013.474
2023-10-30,905001,TUNINDEX,8415.672,8438.861,-0.275,9044.355,8013.474
2023-10-31,905001,TUNINDEX,8395.282,8415.672,-0.242,9044.355,8013.474
2023-11-01,905001,TUNINDEX,8396.161,8395.282,0.01,9044.355,8013.474
2023-11-02,905001,TUNINDEX,8403.042,8396.161,0.082,9044.355,8013.474
2023-11-03,905001,TUNINDEX,8418.936,8403.042,0.189,9044.355,8013.474
2023-11-06,905001,TUNINDEX,8414.171,8418.936,-0.057,9044.355,8013.474
2023-11-07,905001,TUNINDEX,8413.587,8414.171,-0.007,9044.355,8013.474
2023-11-08,905001,TUNINDEX,8411.366,8413.587,-0.026,9044.355,8013.474
2023-11-09,905001,TUNINDEX,8447.149,8411.366,0.425,9044.355,8013.474
2023-11-10,905001,TUNINDEX,8450.715,8447.149,0.042,9044.355,8013.474
2023-11-13,905001,TUNINDEX,8460.471,8450.715,0.115,9044.355,8013.474
2023-11-14,905001,TUNINDEX,8426.028,8460.471,-0.407,9044.355,8013.474
2023-11-15,905001,TUNINDEX,8468.009,8426.028,0.498,9044.355,8013.474
2023-11-16,905001,TUNINDEX,8473.746,8468.009,0.068,9044.355,8013.474
2023-11-17,905001,TUNINDEX,8490.987,8473.746,0.203,9044.355,8013.474
2023-11-20,905001,TUNINDEX,8508.479,8490.987,0.206,9044.355,8013.474
2023-11-21,905001,TUNINDEX,8540.537,8508.479,0.377,9044.355,8013.474
2023-11-22,905001,TUNINDEX,8556.398,8540.537,0.186,9044.355,8013.474
2023-11-23,905001,TUNINDEX,8566.7,8556.398,0.12,9044.355,8013.474
2023-11-24,905001,TUNINDEX,8542.37,8566.7,-0.284,9044.355,8013.474
2023-11-27,905001,TUNINDEX,8565.256,8542.37,0.268,9044.355,8013.474
2023-11-28,905001,TUNINDEX,8569.749,8565.256,0.052,9044.355,8013.474
2023-11-29,905001,TUNINDEX,8568.537,8569.749,-0.014,9044.355,8013.474
2023-11-30,905001,TUNINDEX,8576.827,8568.537,0.097,9044.355,8013.474
2023-12-01,905001,TUNINDEX,8575.737,8576.827,-0.013,9044.355,8013.474
2023-12-04,905001,TUNINDEX,8578.041,8575.737,0.027,9044.355,8013.474
2023-12-05,905001,TUNINDEX,8588.578,8578.041,0.123,9044.355,8013.474
2023-12-06,905001,TUNINDEX,8596.534,8588.578,0.093,9044.355,8013.474
2023-12-07,905001,TUNINDEX,8584.803,8596.534,-0.136,9044.355,8013.474
2023-12-08,905001,TUNINDEX,8610.613,8584.803,0.301,9044.355,8013.474
2023-12-11,905001,TUNINDEX,8603.864,8610.613,-0.078,9044.355,8013.474
2023-12-12,905001,TUNINDEX,8620.026,8603.864,0.188,9044.355,8013.474
2023-12-13,905001,TUNINDEX,8619.15,8620.026,-0.01,9044.355,8013.474
2023-12-14,905001,TUNINDEX,8649.118,8619.15,0.348,9044.355,8013.474
2023-12-15,905001,TUNINDEX,8646.338,8649.118,-0.032,9044.355,8013.474
2023-12-18,905001,TUNINDEX,8620.18,8646.338,-0.303,9044.355,8013.474
2023-12-19,905001,TUNINDEX,8620.14,8620.18,0.0,9044.355,8013.474
2023-12-20,905001,TUNINDEX,8619.846,8620.14,-0.003,9044.355,8013.474
2023-12-21,905001,TUNINDEX,8592.405,8619.846,-0.318,9044.355,8013.474
2023-12-22,905001,TUNINDEX,8609.127,8592.405,0.195,9044.355,8013.474
2023-12-25,905001,TUNINDEX,8600.379,8609.127,-0.102,9044.355,8013.474
2023-12-26,905001,TUNINDEX,8609.333,8600.379,0.104,9044.355,8013.474
2023-12-27,905001,TUNINDEX,8651.002,8609.333,0.484,9044.355,8013.474
2023-12-28,905001,TUNINDEX,8724.87,8651.002,0.854,9044.355,8013.474
2023-12-29,905001,TUNINDEX,8750.593,8724.87,0.295,9044.355,8013.474
